Date;Pic journalier consommation (MW);Température moyenne (°C);Température référence (°C)
2014-09-27;48050.0;16.9;15.5
2014-10-04;47901.0;16.2;14.6
2014-10-09;56556.0;17.0;13.9
2014-10-18;49122.0;18.1;12.7
2014-10-25;52035.0;13.7;11.7
2014-10-29;61625.0;12.7;11.1
2014-10-31;57585.0;14.8;10.9
2014-11-02;51408.0;14.1;10.6
2014-11-12;68289.0;10.9;9.1
2014-11-14;66811.0;10.9;8.8
2014-11-21;67750.0;10.3;7.8
2014-11-30;61159.0;8.3;6.7
2014-12-09;82588.0;4.3;5.7
2014-12-11;77800.0;8.0;5.5
2014-12-13;68753.0;7.3;5.4
2014-12-17;75655.0;8.8;5.1
2014-12-30;80778.0;1.6;4.6
2015-01-10;63456.0;11.6;4.7
2015-01-15;76655.0;8.7;4.8
2015-01-16;75864.0;6.9;4.9
2015-01-22;86689.0;2.0;5.1
2015-01-25;75441.0;3.2;5.2
2015-01-31;76185.0;3.3;5.5
2015-02-08;76945.0;3.4;6.0
2015-02-24;78722.0;5.7;6.9
2015-03-02;73226.0;9.5;7.3
2015-03-15;65127.0;6.2;8.3
2015-03-23;70195.0;7.9;9.1
2015-03-27;69376.0;8.9;9.5
2015-04-02;68495.0;9.3;10.2
2015-04-11;53239.0;12.2;11.4
2015-04-18;50059.0;12.7;12.3
2015-04-19;48924.0;11.6;12.4
2015-04-23;55328.0;14.6;12.9
2015-04-25;49419.0;14.6;13.2
2015-04-26;47522.0;13.8;13.3
2015-05-05;55474.0;16.5;14.5
2015-05-09;47776.0;16.2;15.0
2015-05-17;46192.0;15.0;15.9
2015-05-19;55932.0;12.1;16.1
2015-05-25;47135.0;15.8;16.8
2015-05-26;54962.0;14.9;16.9
2015-05-31;46273.0;16.3;17.4
2015-06-02;55532.0;18.2;17.6
2015-06-04;55984.0;21.1;17.8
2015-06-11;55975.0;21.5;18.5
2015-06-16;54321.0;17.2;19.0
2015-06-21;45715.0;19.1;19.4
2015-06-25;55536.0;20.9;19.7
2015-06-26;56014.0;22.6;19.8
2015-06-30;57755.0;25.7;20.1
2015-07-04;51151.0;26.3;20.4
2015-07-10;55837.0;22.0;20.8
2015-07-11;49444.0;22.3;20.8
2015-07-25;47510.0;19.5;21.2
2015-07-26;45689.0;17.5;21.2
2015-08-02;44657.0;21.7;21.1
2015-08-05;50993.0;22.9;21.0
2015-08-13;50185.0;22.7;20.6
2015-09-03;54037.0;15.9;18.5
2015-09-04;53467.0;15.3;18.4
2015-09-05;47306.0;15.3;18.3
2015-09-11;53984.0;17.5;17.5
2015-09-18;54698.0;15.1;16.6
2015-09-23;55963.0;13.3;16.0
2015-09-24;55859.0;14.0;15.9
2015-09-25;54852.0;14.7;15.7
2015-09-26;48585.0;14.2;15.6
2015-09-28;54607.0;14.5;15.3
2015-10-02;56796.0;12.7;14.8
2015-10-06;56280.0;17.0;14.3
2015-10-14;66133.0;7.8;13.2
2015-10-18;56216.0;10.2;12.7
2015-10-19;64798.0;10.2;12.6
2015-10-21;66035.0;10.2;12.3
2015-10-22;65337.0;11.7;12.1
2015-10-25;52999.0;12.2;11.7
2015-11-02;65630.0;11.1;10.6
2015-11-14;58481.0;10.3;8.8
2015-11-15;55299.0;12.1;8.7
2015-11-19;64704.0;14.0;8.1
2015-11-21;65613.0;6.8;7.8
2015-11-24;80414.0;3.6;7.4
2015-12-01;71557.0;10.4;6.5
2015-12-07;70281.0;10.4;5.9
2015-12-09;73672.0;7.6;5.7
2015-12-10;78411.0;4.7;5.6
2015-12-20;58186.0;11.4;4.9
2015-12-23;63971.0;10.3;4.8
2015-12-28;64922.0;8.9;4.7
2015-12-30;65666.0;8.2;4.6
2016-01-01;59488.0;7.0;4.6
2016-01-04;74625.0;7.8;4.6
2016-01-05;76979.0;7.3;4.6
2016-01-08;73741.0;7.2;4.6
2016-01-10;65537.0;7.7;4.7
2016-01-12;79504.0;6.9;4.7
2016-01-14;81428.0;4.6;4.8
2016-01-18;88731.0;0.8;4.9
2016-01-21;86203.0;1.6;5.1
2014-04-25;58094.0;13.1;13.2
2014-04-27;51112.0;11.2;13.4
2014-05-09;52514.0;15.8;15.0
2014-05-10;49839.0;14.9;15.1
2014-05-26;55448.0;14.0;16.9
2014-05-28;56618.0;13.8;17.1
2014-05-29;47880.0;15.0;17.2
2014-05-30;50887.0;16.0;17.3
2014-06-03;54518.0;16.6;17.7
2014-06-11;55169.0;21.1;18.5
2014-06-12;55678.0;22.0;18.6
2014-06-13;55610.0;21.7;18.7
2014-06-20;54838.0;19.3;19.3
2014-06-23;54504.0;20.4;19.6
2014-06-24;55230.0;20.6;19.7
2014-06-25;55039.0;19.5;19.7
2014-06-30;53396.0;17.1;20.1
2014-07-03;55920.0;22.1;20.4
2014-07-14;45587.0;18.8;21.0
2014-07-19;48694.0;23.9;21.2
2014-07-25;54496.0;21.8;21.2
2014-08-08;49758.0;20.7;20.9
2014-08-15;42904.0;16.4;20.4
2014-08-19;49380.0;16.6;20.1
2014-08-20;49580.0;15.8;20.0
2014-08-24;43583.0;16.2;19.6
2014-08-27;53817.0;19.1;19.3
2014-08-29;53683.0;19.1;19.1
2014-09-01;53260.0;17.6;18.8
2014-09-06;48355.0;19.8;18.2
2014-09-08;54681.0;20.9;17.9
2014-09-09;55069.0;19.7;17.8
2014-09-11;55071.0;17.5;17.5
2014-09-14;44704.0;18.3;17.2
2014-09-20;48544.0;19.7;16.4
2014-09-24;55327.0;13.9;15.9
2014-10-02;54456.0;17.4;14.8
2014-10-05;47222.0;13.3;14.4
2014-10-06;56686.0;13.2;14.3
2014-10-11;49664.0;15.2;13.6
2014-10-12;49238.0;15.4;13.5
2014-10-22;60473.0;10.9;12.1
2014-10-27;60579.0;12.4;11.4
2014-11-10;63747.0;9.3;9.4
2014-11-18;71354.0;8.9;8.2
2014-11-23;56452.0;12.8;7.5
2014-11-25;69223.0;11.0;7.3
2014-11-27;68834.0;10.6;7.0
2014-11-29;60834.0;10.8;6.8
2014-12-01;75673.0;6.4;6.5
2014-12-05;76430.0;5.4;6.1
2014-12-08;80161.0;5.6;5.8
2014-12-14;68695.0;5.7;5.3
2014-12-15;76808.0;6.8;5.2
2014-12-18;71609.0;11.4;5.0
2014-12-23;71540.0;6.3;4.8
2014-12-28;75174.0;1.4;4.7
2014-12-31;77382.0;1.8;4.6
2015-01-17;71824.0;4.0;4.9
2015-01-19;84285.0;2.9;5.0
2015-01-24;78009.0;2.8;5.2
2015-01-30;82105.0;3.9;5.5
2015-02-01;76292.0;3.2;5.6
2015-02-11;82946.0;3.8;6.1
2015-02-17;78965.0;5.8;6.5
2015-02-20;77258.0;6.7;6.7
2015-03-06;75701.0;6.2;7.6
2015-03-07;64740.0;7.8;7.7
2015-03-17;70602.0;9.8;8.5
2015-03-18;66813.0;10.7;8.6
2015-03-20;69812.0;8.5;8.8
2015-03-29;57936.0;11.6;9.8
2015-04-01;67864.0;9.0;10.1
2015-04-03;66430.0;9.6;10.3
2015-04-04;60520.0;9.3;10.5
2015-04-05;59030.0;7.4;10.6
2015-04-13;56312.0;14.7;11.6
2015-04-28;58371.0;10.0;13.6
2015-05-07;55870.0;13.5;14.7
2015-05-13;54356.0;17.2;15.4
2015-05-18;53990.0;14.9;16.0
2015-05-21;56752.0;12.2;16.3
2015-06-05;56846.0;23.1;17.9
2015-06-14;45226.0;18.1;18.8
2015-06-22;54518.0;18.0;19.5
2015-07-12;47003.0;20.9;20.9
2015-07-13;51714.0;21.8;20.9
2015-07-15;57144.0;23.7;21.0
2015-07-24;56046.0;22.0;21.2
2015-07-29;53479.0;17.7;21.2
2015-08-07;51500.0;23.5;20.9
2015-08-10;47768.0;21.2;20.8
2015-08-17;48052.0;17.9;20.3
2015-08-18;48909.0;17.8;20.2
2015-08-19;49307.0;18.7;20.1
2015-08-21;50691.0;22.2;19.9
2015-08-27;54746.0;19.1;19.3
2015-08-31;55575.0;22.6;18.9
2015-09-01;54922.0;18.7;18.8
2015-09-02;53683.0;16.8;18.7
2014-09-28;45564.0;17.8;15.3
2014-10-01;55225.0;17.5;15.0
2014-10-20;56526.0;16.4;12.4
2014-10-21;58615.0;15.0;12.3
2014-10-24;59481.0;12.3;11.9
2014-10-26;50341.0;13.3;11.6
2014-11-07;67107.0;9.7;9.8
2014-11-09;57514.0;9.9;9.5
2014-11-11;59400.0;10.8;9.2
2014-11-17;71309.0;8.8;8.4
2014-11-20;72011.0;8.9;7.9
2014-11-26;68930.0;11.2;7.1
2014-11-28;65632.0;12.5;6.9
2014-12-02;78045.0;5.2;6.4
2014-12-06;71060.0;5.1;6.0
2014-12-10;79714.0;6.3;5.6
2014-12-16;75809.0;7.8;5.2
2014-12-19;69037.0;10.6;5.0
2014-12-24;66752.0;7.4;4.8
2014-12-26;70630.0;4.7;4.7
2014-12-29;82243.0;-0.5;4.6
2015-01-02;75334.0;4.7;4.6
2015-01-05;82167.0;3.1;4.6
2015-01-09;75277.0;10.2;4.7
2015-01-12;77278.0;6.7;4.7
2015-01-14;77273.0;7.7;4.8
2015-01-21;85689.0;2.3;5.1
2015-01-27;82452.0;5.3;5.3
2015-01-28;82506.0;6.0;5.4
2015-01-29;82758.0;5.9;5.4
2015-02-02;86065.0;2.5;5.6
2015-02-03;88595.0;0.8;5.7
2015-02-04;90087.0;1.3;5.8
2015-02-06;91934.0;0.3;5.9
2015-02-09;83824.0;2.8;6.0
2015-02-12;81900.0;3.9;6.2
2015-02-14;70245.0;6.9;6.3
2015-02-26;75199.0;8.3;7.0
2015-03-01;65177.0;9.6;7.2
2015-03-04;75437.0;6.0;7.5
2015-03-08;60663.0;8.9;7.8
2015-03-19;69423.0;8.7;8.7
2015-03-22;63575.0;7.3;9.0
2015-03-25;72511.0;6.2;9.3
2015-04-06;57648.0;8.2;10.7
2015-04-21;55284.0;14.9;12.7
2015-04-29;58572.0;10.7;13.7
2015-05-01;50676.0;12.2;14.0
2015-05-22;55548.0;13.8;16.5
2015-05-23;49093.0;15.5;16.6
2015-05-24;45575.0;16.4;16.7
2015-06-03;55643.0;18.6;17.7
2015-06-08;54125.0;18.4;18.2
2015-06-10;54748.0;17.7;18.4
2015-06-19;53910.0;17.8;19.2
2015-06-24;54776.0;18.4;19.7
2015-06-28;47620.0;21.8;20.0
2015-07-06;57247.0;23.7;20.6
2015-07-09;55834.0;19.4;20.7
2015-07-19;47552.0;22.4;21.2
2015-07-21;58250.0;24.5;21.2
2015-07-28;53202.0;17.9;21.2
2015-07-30;52279.0;17.1;21.2
2015-08-08;45733.0;21.5;20.9
2015-08-09;42870.0;20.5;20.8
2015-08-14;48682.0;19.4;20.5
2015-08-16;41983.0;17.2;20.4
2015-08-22;45976.0;22.6;19.8
2015-08-23;43235.0;19.3;19.8
2015-08-24;51818.0;17.6;19.6
2015-08-25;52213.0;17.4;19.5
2015-08-28;53881.0;20.2;19.2
2015-08-30;46052.0;24.5;19.0
2015-09-12;48486.0;17.7;17.4
2015-09-15;55049.0;15.1;17.0
2015-09-17;56191.0;16.4;16.8
2015-09-19;48571.0;15.3;16.5
2015-09-30;55990.0;14.0;15.1
2015-10-01;56214.0;12.8;15.0
2015-10-04;49752.0;12.9;14.6
2015-10-07;57103.0;14.3;14.2
2015-10-11;50541.0;12.6;13.6
2015-10-15;68104.0;6.9;13.1
2015-10-17;58559.0;9.5;12.8
2015-10-23;62565.0;12.3;12.0
2015-10-26;62496.0;12.6;11.6
2015-10-27;62707.0;14.1;11.4
2015-11-05;63557.0;13.9;10.1
2015-11-07;52924.0;16.0;9.8
2015-11-08;51061.0;15.1;9.7
2015-11-10;61793.0;12.4;9.4
2015-11-11;56299.0;11.6;9.2
2015-11-16;65761.0;11.8;8.5
2015-11-17;65616.0;13.5;8.4
2015-11-20;64729.0;12.6;7.9
2015-11-22;66352.0;4.1;7.7
2015-11-25;76550.0;7.8;7.3
2015-11-29;64593.0;9.6;6.8
2015-12-02;73067.0;8.3;6.4
2015-12-03;74712.0;7.5;6.3
2014-08-23;45427.0;16.5;19.8
2014-08-25;52639.0;17.2;19.5
2014-09-03;54337.0;18.6;18.5
2014-09-05;54695.0;19.6;18.3
2014-09-13;47795.0;18.1;17.3
2014-09-15;54021.0;18.9;17.0
2014-09-18;55140.0;20.6;16.6
2014-09-26;54187.0;14.9;15.6
2014-09-30;55323.0;17.6;15.1
2014-10-03;54342.0;17.2;14.7
2014-10-08;57948.0;17.3;14.0
2014-10-10;55945.0;15.4;13.8
2014-10-19;46941.0;18.3;12.6
2014-10-23;60925.0;11.5;12.0
2014-11-03;63654.0;13.2;10.4
2014-11-04;65883.0;10.7;10.3
2014-11-05;69099.0;8.5;10.1
2014-11-16;59411.0;9.2;8.5
2014-11-19;72474.0;7.9;8.1
2014-11-24;68106.0;11.8;7.4
2014-12-03;80218.0;4.6;6.3
2014-12-04;79168.0;4.6;6.2
2014-12-07;70366.0;5.0;5.9
2014-12-12;74787.0;8.3;5.4
2014-12-20;65175.0;8.6;4.9
2015-01-01;73481.0;1.5;4.6
2015-01-06;83938.0;2.9;4.6
2015-01-07;82132.0;4.3;4.6
2015-01-11;66485.0;7.4;4.7
2015-01-18;72512.0;2.9;4.9
2015-01-20;86452.0;1.9;5.0
2015-01-23;85954.0;1.5;5.1
2015-02-16;78828.0;5.2;6.4
2015-02-18;78658.0;4.1;6.5
2015-02-19;79080.0;4.3;6.6
2015-02-21;72061.0;4.8;6.7
2015-02-22;70639.0;4.2;6.8
2015-02-23;78193.0;6.7;6.8
2015-02-27;74919.0;6.1;7.1
2015-02-28;68714.0;5.8;7.2
2015-03-09;68325.0;9.1;7.8
2015-03-10;69295.0;9.5;7.9
2015-03-12;67963.0;9.1;8.1
2015-03-14;65239.0;6.4;8.3
2015-03-16;71127.0;7.7;8.4
2015-03-21;63359.0;7.8;8.9
2015-03-28;60364.0;10.7;9.7
2015-03-30;65068.0;12.1;9.9
2015-04-07;67380.0;9.6;10.8
2015-04-09;63221.0;12.8;11.1
2015-04-10;59880.0;13.4;11.2
2015-04-12;50434.0;12.9;11.5
2015-04-14;55220.0;16.7;11.7
2015-04-15;54949.0;17.6;11.9
2015-04-16;55042.0;15.9;12.0
2015-04-24;54633.0;14.5;13.1
2015-04-30;59351.0;11.5;13.8
2015-05-02;51574.0;13.7;14.1
2015-05-06;55902.0;13.8;14.6
2015-05-08;48572.0;14.8;14.8
2015-05-11;53681.0;19.0;15.2
2015-05-15;52112.0;12.1;15.7
2015-05-16;49364.0;13.7;15.8
2015-05-20;57088.0;11.1;16.2
2015-05-27;54868.0;15.6;17.0
2015-05-28;55113.0;15.9;17.1
2015-05-29;54782.0;15.5;17.2
2015-05-30;48363.0;15.6;17.3
2015-06-01;54424.0;15.4;17.5
2015-06-13;47820.0;18.9;18.7
2015-06-18;55194.0;18.4;19.1
2015-06-20;47553.0;18.0;19.3
2015-06-23;54905.0;16.9;19.6
2015-07-02;58706.0;24.7;20.3
2015-07-03;58478.0;26.2;20.4
2015-07-05;48591.0;23.2;20.5
2015-07-18;49803.0;23.0;21.1
2015-07-22;57404.0;22.8;21.2
2015-07-23;56123.0;21.6;21.2
2015-07-27;53044.0;19.9;21.2
2015-07-31;51146.0;17.7;21.2
2015-08-06;51507.0;23.9;21.0
2015-08-11;49322.0;22.7;20.7
2015-08-26;53474.0;20.9;19.4
2015-08-29;48208.0;22.8;19.1
2015-09-07;53365.0;15.0;18.0
2015-09-09;54441.0;17.3;17.8
2015-09-10;54421.0;17.5;17.7
2015-09-22;55641.0;14.1;16.1
2015-09-27;46630.0;14.5;15.5
2015-10-05;56845.0;16.2;14.4
2015-10-08;56621.0;13.2;14.0
2015-10-10;50837.0;12.7;13.8
2015-10-12;59102.0;11.7;13.5
2015-10-16;68308.0;7.5;13.0
2015-10-28;63519.0;12.3;11.3
2015-10-30;61077.0;12.4;11.0
2015-11-03;65731.0;12.8;10.4
2015-11-04;64490.0;13.8;10.3
2015-11-06;60232.0;15.5;10.0
2014-09-29;54535.0;18.0;15.2
2014-10-07;56950.0;15.4;14.2
2014-10-13;56430.0;15.4;13.4
2014-10-14;56969.0;14.0;13.2
2014-10-15;58381.0;14.8;13.1
2014-10-16;57794.0;16.6;13.0
2014-10-17;55747.0;17.0;12.8
2014-10-28;62684.0;11.9;11.3
2014-10-30;60570.0;13.9;11.0
2014-11-01;51094.0;14.3;10.7
2014-11-06;69996.0;8.0;10.0
2014-11-08;59430.0;10.3;9.7
2014-11-13;68332.0;10.4;8.9
2014-11-15;60150.0;10.4;8.7
2014-11-22;59279.0;11.9;7.7
2014-12-21;64735.0;7.3;4.9
2014-12-22;71559.0;7.1;4.8
2014-12-25;61354.0;6.8;4.7
2014-12-27;70256.0;5.5;4.7
2015-01-03;69737.0;7.8;4.6
2015-01-04;67692.0;7.6;4.6
2015-01-08;78905.0;7.8;4.6
2015-01-13;76050.0;8.5;4.8
2015-01-26;82819.0;5.1;5.3
2015-02-05;91446.0;1.0;5.8
2015-02-07;81566.0;1.4;5.9
2015-02-10;83132.0;3.5;6.1
2015-02-13;79539.0;6.8;6.3
2015-02-15;68493.0;6.0;6.4
2015-02-25;75792.0;6.7;7.0
2015-03-03;72486.0;7.9;7.4
2015-03-05;75451.0;5.8;7.5
2015-03-11;67956.0;10.4;8.0
2015-03-13;68797.0;7.7;8.2
2015-03-24;72124.0;7.7;9.2
2015-03-26;72643.0;6.9;9.4
2015-03-31;65210.0;12.3;10.0
2015-04-08;66630.0;10.7;11.0
2015-04-17;55783.0;13.9;12.1
2015-04-20;56005.0;13.4;12.5
2015-04-22;54995.0;15.1;12.8
2015-04-27;57273.0;12.0;13.4
2015-05-03;48545.0;16.2;14.2
2015-05-04;55421.0;16.7;14.3
2015-05-10;45417.0;17.2;15.1
2015-05-12;54381.0;17.7;15.3
2015-05-14;47761.0;14.9;15.5
2015-06-06;48444.0;19.4;18.0
2015-06-07;46057.0;19.0;18.1
2015-06-09;54791.0;17.0;18.3
2015-06-12;55497.0;19.8;18.6
2015-06-15;53897.0;17.6;18.9
2015-06-17;54381.0;18.1;19.1
2015-06-27;48712.0;20.9;19.9
2015-06-29;55981.0;22.7;20.1
2015-07-01;58969.0;26.8;20.2
2015-07-07;58747.0;23.3;20.6
2015-07-08;56338.0;19.4;20.7
2015-07-14;47887.0;22.1;21.0
2015-07-16;58589.0;25.7;21.1
2015-07-17;57594.0;24.2;21.1
2015-07-20;56669.0;23.6;21.2
2015-08-01;45399.0;19.2;21.2
2015-08-03;50678.0;24.2;21.1
2015-08-04;50111.0;21.2;21.1
2015-08-12;50306.0;25.2;20.7
2015-08-15;42720.0;17.5;20.4
2015-08-20;49911.0;19.8;20.0
2015-09-14;53622.0;15.9;17.2
2015-09-16;57032.0;18.4;16.9
2015-09-20;45688.0;14.6;16.4
2015-09-29;55581.0;13.9;15.2
2015-10-03;50217.0;13.7;14.7
2015-10-09;57265.0;12.5;13.9
2015-10-20;65286.0;10.5;12.4
2015-10-29;63635.0;11.7;11.1
2015-10-31;53602.0;12.6;10.9
2015-11-01;53362.0;12.3;10.7
2015-11-09;60938.0;14.5;9.5
2015-11-18;64505.0;13.9;8.2
2015-11-23;78776.0;3.1;7.5
2015-11-27;75300.0;4.8;7.0
2015-11-28;69226.0;6.4;6.9
2015-11-30;72676.0;10.5;6.7
2015-12-11;75901.0;6.7;5.5
2015-12-18;66068.0;11.3;5.0
2015-12-21;66445.0;10.8;4.9
2015-12-27;57431.0;9.0;4.7
2015-12-31;62660.0;8.7;4.6
2016-01-03;65289.0;7.2;4.6
2016-01-06;76927.0;7.0;4.6
2016-01-09;65259.0;8.7;4.7
2016-01-13;80718.0;5.1;4.8
2016-01-15;82711.0;3.3;4.8
2016-01-17;75377.0;2.3;4.9
2016-01-20;86801.0;1.9;5.0
2016-01-22;84836.0;4.1;5.1
2016-02-01;71092.0;11.8;5.6
2016-02-04;76709.0;7.0;5.8
2016-02-05;71377.0;9.0;5.8
2016-01-24;66668.0;7.6;5.2
2016-01-25;74371.0;8.8;5.2
2016-01-26;74244.0;9.2;5.3
2016-01-29;73560.0;7.7;5.4
2016-02-12;77786.0;5.4;6.2
2016-02-16;80825.0;3.0;6.4
2016-02-22;71726.0;9.8;6.8
2016-02-23;73263.0;8.1;6.8
2016-03-04;74697.0;6.6;7.5
2016-03-10;76076.0;6.4;7.9
2016-03-14;72232.0;6.8;8.3
2016-03-17;74057.0;6.7;8.5
2016-03-23;69357.0;8.1;9.1
2016-03-24;68218.0;8.4;9.2
2016-03-27;57933.0;9.5;9.5
2016-04-03;55170.0;13.4;10.4
2016-04-19;62126.0;11.0;12.4
2016-04-22;57341.0;13.5;12.7
2016-04-27;66335.0;7.5;13.4
2016-04-29;63764.0;9.6;13.7
2016-05-02;61066.0;11.9;14.1
2016-05-05;49545.0;14.9;14.5
2016-05-07;46573.0;17.2;14.7
2016-05-15;47957.0;11.7;15.7
2016-05-22;46626.0;14.6;16.5
2016-05-24;55784.0;13.0;16.7
2016-05-29;44382.0;15.9;17.2
2016-06-01;56063.0;14.8;17.5
2016-06-06;52877.0;19.0;18.0
2016-06-15;54044.0;15.7;18.9
2016-06-19;45789.0;16.3;19.2
2016-06-20;53706.0;17.0;19.3
2016-06-21;54854.0;19.5;19.4
2016-06-27;53657.0;18.2;19.9
2016-07-03;46206.0;17.6;21.1
2016-07-08;55869.0;22.1;20.9
2016-07-15;50000.0;17.4;20.5
2016-07-27;54177.0;20.8;19.4
2016-08-01;49951.0;19.7;21.2
2016-08-07;44116.0;21.6;21.0
2016-08-10;47768.0;16.5;20.8
2016-08-18;50367.0;20.5;20.2
2016-08-23;53423.0;23.9;19.7
2016-08-26;55574.0;25.1;19.4
2016-08-30;54812.0;20.2;19.0
2016-09-10;48783.0;20.7;17.7
2016-09-15;54106.0;17.7;17.0
2016-09-17;47326.0;15.2;16.8
2016-10-03;53969.0;13.3;14.7
2016-10-05;55895.0;13.8;14.5
2016-10-06;57164.0;11.3;14.3
2016-10-07;58006.0;11.5;14.2
2016-10-09;51374.0;10.8;13.9
2016-10-19;62812.0;11.2;12.6
2016-10-29;55729.0;11.1;11.2
2016-10-30;52656.0;11.4;11.0
2016-11-17;70188.0;10.9;8.4
2016-11-18;69778.0;9.8;8.2
2016-11-28;77626.0;5.6;6.9
2016-12-04;71510.0;4.0;6.2
2016-12-11;67539.0;6.4;5.6
2016-12-15;77659.0;5.7;5.2
2016-12-27;71579.0;4.8;4.7
2017-01-08;76212.0;4.1;4.6
2017-01-10;83085.0;5.4;4.7
2017-01-19;93822.0;-1.7;5.0
2017-01-20;94190.0;-1.2;5.0
2017-02-02;73459.0;10.2;5.7
2017-02-10;81170.0;3.1;6.1
2017-02-13;75289.0;9.4;6.3
2017-02-20;71175.0;8.9;6.7
2017-03-03;68925.0;10.2;7.3
2017-03-08;71623.0;9.7;7.8
2017-03-12;57279.0;10.6;8.0
2017-03-19;55528.0;11.9;8.7
2017-03-23;67392.0;8.7;9.1
2017-03-25;57300.0;11.0;9.3
2017-03-30;58263.0;15.3;9.9
2017-03-31;55949.0;14.0;10.0
2017-04-02;51544.0;11.0;10.2
2017-04-04;58482.0;12.5;10.5
2017-04-08;50555.0;14.0;10.9
2017-04-16;49847.0;11.6;12.0
2017-04-18;59739.0;9.4;12.3
2017-04-23;50893.0;11.8;12.9
2017-04-27;65345.0;6.8;13.4
2017-04-29;56580.0;10.7;13.7
2017-05-19;54673.0;12.2;16.1
2017-05-22;53305.0;18.4;16.4
2017-05-23;53479.0;18.4;16.5
2017-05-25;46361.0;21.2;16.8
2017-05-26;49810.0;22.1;16.9
2017-06-04;44658.0;16.1;17.8
2017-06-08;53653.0;19.0;18.2
2017-06-09;53808.0;18.8;18.3
2017-06-18;48397.0;23.9;19.2
2017-06-20;58326.0;26.5;19.3
2017-06-22;59504.0;25.5;19.5
2017-06-29;53764.0;16.8;20.1
2017-07-04;55445.0;21.4;20.4
2015-09-06;44780.0;14.9;18.2
2015-09-08;54090.0;15.9;17.9
2015-09-13;45520.0;16.5;17.3
2015-09-21;53858.0;14.4;16.3
2015-10-13;62251.0;10.5;13.4
2015-10-24;55299.0;12.4;11.9
2015-11-26;76117.0;7.0;7.1
2015-12-04;71089.0;8.8;6.2
2015-12-06;61712.0;9.9;6.0
2015-12-13;66234.0;6.2;5.4
2015-12-29;64987.0;9.1;4.6
2016-01-11;76731.0;8.1;4.7
2016-01-27;73966.0;10.0;5.3
2016-01-28;74638.0;8.8;5.4
2016-01-31;62479.0;10.7;5.5
2016-02-07;64792.0;8.5;5.9
2016-02-10;78526.0;5.2;6.1
2016-02-14;67278.0;6.9;6.3
2016-02-15;80399.0;4.3;6.4
2016-02-29;79100.0;4.7;7.2
2016-03-01;78181.0;5.8;7.2
2016-03-07;79159.0;4.0;7.7
2016-03-12;65249.0;6.7;8.1
2016-03-16;76736.0;6.1;8.4
2016-03-22;68676.0;8.5;9.0
2016-03-28;58451.0;10.2;9.7
2016-03-31;65585.0;9.5;10.0
2016-04-01;69563.0;8.1;10.1
2016-04-02;60908.0;9.2;10.2
2016-04-07;63974.0;9.2;10.8
2016-04-09;58166.0;8.6;11.1
2016-04-10;55742.0;10.9;11.2
2016-04-15;58783.0;12.8;11.9
2016-04-16;52569.0;12.1;12.0
2016-04-17;54320.0;9.3;12.1
2016-04-18;62429.0;8.9;12.2
2016-04-20;59026.0;13.4;12.5
2016-04-21;57820.0;14.5;12.7
2016-05-09;53837.0;16.7;14.9
2016-05-12;55592.0;14.2;15.3
2016-05-25;54612.0;14.7;16.8
2016-06-02;56299.0;14.5;17.6
2016-06-05;45744.0;17.2;17.9
2016-06-07;53129.0;20.2;18.1
2016-06-08;53429.0;19.6;18.2
2016-06-09;53227.0;19.6;18.3
2016-06-10;52758.0;18.8;18.4
2016-06-22;55515.0;22.9;19.4
2016-06-30;55063.0;19.6;20.1
2016-07-02;47695.0;17.8;21.2
2016-07-06;55339.0;19.8;21.0
2016-07-12;54919.0;18.3;20.6
2016-07-13;53972.0;16.4;20.6
2016-07-19;57074.0;26.5;20.1
2016-07-20;56636.0;24.0;20.0
2016-07-22;54531.0;21.1;19.8
2016-07-29;53195.0;21.5;19.1
2016-07-30;47062.0;20.8;19.0
2016-07-31;44236.0;20.1;18.9
2016-08-03;51163.0;21.7;21.1
2016-08-05;49131.0;18.5;21.0
2016-08-19;50604.0;19.9;20.1
2016-08-27;49254.0;25.4;19.3
2016-09-03;48954.0;21.8;18.5
2016-09-09;55026.0;20.2;17.8
2016-09-11;45479.0;21.0;17.5
2016-09-16;53266.0;16.4;16.9
2016-09-22;53582.0;16.4;16.2
2016-09-28;53988.0;17.8;15.4
2016-09-29;53743.0;17.6;15.2
2016-10-08;51762.0;12.2;14.0
2016-10-12;64006.0;9.5;13.5
2016-10-13;64995.0;10.1;13.3
2016-11-01;55981.0;10.7;10.7
2016-11-05;60806.0;9.9;10.1
2016-11-06;62718.0;6.5;10.0
2016-11-07;76015.0;4.9;9.8
2016-11-08;77058.0;5.4;9.7
2016-11-10;71831.0;9.2;9.4
2016-11-13;63107.0;8.4;8.9
2016-11-15;72896.0;8.6;8.7
2016-11-24;70063.0;10.9;7.4
2016-11-26;63535.0;8.3;7.1
2016-12-01;81815.0;2.9;6.5
2016-12-02;81132.0;3.7;6.4
2016-12-03;72343.0;4.2;6.3
2016-12-16;74547.0;7.2;5.1
2016-12-18;70720.0;3.3;5.0
2016-12-20;80321.0;4.3;4.9
2016-12-26;65992.0;8.7;4.6
2016-12-31;77899.0;-0.6;4.6
2017-01-17;91877.0;-0.8;4.9
2017-01-25;93467.0;-0.8;5.2
2017-02-01;73445.0;9.6;5.6
2017-02-03;73883.0;8.1;5.7
2017-02-07;76804.0;7.4;5.9
2017-02-08;79267.0;5.7;6.0
2017-02-11;75460.0;2.8;6.1
2017-02-16;70337.0;9.0;6.4
2017-02-22;69624.0;10.2;6.8
2015-12-05;65905.0;6.9;6.1
2015-12-12;66055.0;8.0;5.4
2015-12-16;70485.0;11.5;5.2
2015-12-17;69016.0;11.7;5.1
2015-12-24;59377.0;10.5;4.8
2015-12-25;54686.0;10.6;4.7
2015-12-26;57254.0;9.7;4.7
2016-01-19;87119.0;2.1;5.0
2016-01-23;70513.0;7.2;5.1
2016-02-02;72267.0;10.1;5.6
2016-02-03;76801.0;7.1;5.7
2016-02-06;63687.0;9.9;5.9
2016-02-09;77353.0;8.0;6.0
2016-02-19;79896.0;4.8;6.6
2016-02-27;70358.0;5.0;7.1
2016-03-13;64346.0;6.4;8.2
2016-03-26;59190.0;11.2;9.4
2016-04-05;62686.0;11.7;10.6
2016-04-08;66114.0;8.4;11.0
2016-04-11;60697.0;12.1;11.4
2016-04-23;53944.0;10.6;13.0
2016-05-10;54800.0;16.4;15.1
2016-05-11;55530.0;14.7;15.2
2016-05-14;50326.0;12.6;15.6
2016-05-16;48654.0;12.7;15.8
2016-05-18;54984.0;13.6;16.0
2016-05-21;47866.0;18.0;16.4
2016-05-30;54456.0;14.9;17.3
2016-06-11;46875.0;18.0;18.5
2016-06-12;45076.0;17.3;18.6
2016-06-26;45538.0;17.7;19.8
2016-07-01;54969.0;19.8;21.1
2016-07-04;54451.0;19.3;21.1
2016-07-07;55933.0;21.4;20.9
2016-07-14;46195.0;15.8;20.6
2016-07-17;46869.0;22.5;20.3
2016-07-21;55955.0;21.7;19.9
2016-07-24;46500.0;21.6;19.6
2016-08-08;48726.0;20.7;20.9
2016-08-09;48558.0;18.5;20.9
2016-08-13;44951.0;21.7;20.6
2016-08-14;43586.0;22.5;20.5
2016-08-22;51340.0;20.7;19.8
2016-09-01;55457.0;21.4;18.7
2016-09-12;55158.0;23.3;17.4
2016-09-14;54874.0;20.4;17.2
2016-09-20;53452.0;16.7;16.4
2016-09-23;53329.0;17.1;16.0
2016-10-01;49036.0;15.3;14.9
2016-10-04;55207.0;14.2;14.5
2016-10-11;62745.0;9.5;13.6
2016-10-16;51542.0;13.8;12.9
2016-10-17;59848.0;13.9;12.8
2016-10-18;60639.0;12.5;12.6
2016-10-22;56814.0;9.1;12.2
2016-10-23;55693.0;10.4;12.0
2016-10-24;62386.0;13.9;11.9
2016-10-27;62771.0;11.4;11.4
2016-10-28;63042.0;10.9;11.2
2016-11-21;68962.0;12.9;7.8
2016-11-22;70477.0;10.4;7.6
2016-11-23;69679.0;10.9;7.6
2016-11-27;63283.0;7.5;7.0
2016-11-29;81917.0;2.9;6.8
2016-12-12;78012.0;6.1;5.5
2016-12-13;77204.0;6.4;5.3
2016-12-19;80996.0;3.7;5.0
2016-12-21;78631.0;4.8;4.9
2016-12-24;63016.0;8.2;4.7
2016-12-30;79713.0;0.2;4.7
2017-01-01;74985.0;0.4;4.6
2017-01-05;87254.0;2.8;4.6
2017-01-11;80624.0;6.6;4.7
2017-01-12;80300.0;6.9;4.7
2017-01-16;86152.0;2.8;4.9
2017-01-22;81187.0;0.8;5.1
2017-01-24;90888.0;0.0;5.2
2017-01-29;70656.0;6.0;5.5
2017-01-30;77488.0;8.5;5.5
2017-02-09;81746.0;3.9;6.0
2017-02-14;73618.0;9.5;6.3
2017-02-21;69590.0;10.4;6.8
2017-03-05;65489.0;7.3;7.5
2017-03-17;61516.0;10.6;8.5
2017-03-20;64435.0;11.5;8.8
2017-03-21;65653.0;9.7;8.9
2017-03-29;60098.0;13.6;9.7
2017-04-07;61123.0;11.4;10.8
2017-04-09;47212.0;15.8;11.1
2017-04-15;51506.0;12.0;11.9
2017-04-22;52648.0;12.0;12.8
2017-04-24;57666.0;12.3;13.1
2017-04-30;52357.0;11.5;13.8
2017-05-05;58907.0;13.4;14.5
2017-05-06;53314.0;13.0;14.6
2017-05-11;56644.0;14.8;15.2
2017-05-18;54382.0;15.8;16.1
2017-05-29;54147.0;21.7;17.2
2017-05-31;54407.0;19.2;17.4
2017-06-03;47658.0;17.7;17.7
2015-11-12;64403.0;11.4;9.1
2015-11-13;63665.0;11.6;8.9
2015-12-08;71752.0;9.5;5.8
2015-12-14;75572.0;6.6;5.3
2015-12-15;73807.0;9.5;5.2
2015-12-19;59865.0;11.1;5.0
2015-12-22;65530.0;10.8;4.8
2016-01-02;63353.0;8.7;4.6
2016-01-07;76289.0;8.2;4.6
2016-01-16;76181.0;2.6;4.9
2016-01-30;67284.0;8.2;5.5
2016-02-11;78201.0;4.8;6.1
2016-02-24;75087.0;6.3;6.9
2016-02-26;75969.0;4.4;7.0
2016-02-28;70127.0;5.0;7.2
2016-03-02;77857.0;8.1;7.3
2016-03-03;77312.0;6.5;7.4
2016-03-05;69291.0;5.2;7.5
2016-03-08;78692.0;4.4;7.8
2016-03-11;75044.0;6.8;8.0
2016-03-15;72966.0;7.2;8.3
2016-03-19;63399.0;7.0;8.7
2016-03-20;63241.0;7.2;8.8
2016-03-21;69354.0;8.1;8.9
2016-03-25;67496.0;9.3;9.3
2016-03-30;65741.0;11.0;9.9
2016-04-12;61013.0;12.1;11.5
2016-04-13;60310.0;11.8;11.6
2016-04-25;64457.0;8.0;13.2
2016-04-26;64681.0;8.1;13.3
2016-04-30;57491.0;8.6;13.8
2016-05-01;54837.0;8.9;14.0
2016-05-04;58638.0;12.9;14.4
2016-05-06;49945.0;16.5;14.6
2016-05-08;45352.0;17.5;14.9
2016-05-13;55790.0;14.6;15.4
2016-05-17;54922.0;13.7;15.9
2016-05-20;55675.0;15.1;16.2
2016-05-23;56097.0;12.3;16.5
2016-05-26;53454.0;16.7;16.9
2016-05-27;53119.0;18.6;17.0
2016-05-28;47103.0;17.9;17.1
2016-05-31;56307.0;14.3;17.4
2016-06-03;55961.0;14.8;17.7
2016-06-04;49089.0;15.7;17.8
2016-06-14;52690.0;16.0;18.7
2016-06-18;47659.0;15.4;19.2
2016-06-24;54691.0;21.3;19.7
2016-06-29;54642.0;19.0;20.0
2016-07-05;55271.0;19.8;21.0
2016-07-09;49189.0;22.5;20.8
2016-07-10;47303.0;23.3;20.8
2016-07-16;46650.0;19.9;20.4
2016-07-18;55177.0;24.6;20.2
2016-08-06;44374.0;19.5;21.0
2016-08-11;48111.0;17.2;20.7
2016-08-15;44353.0;22.9;20.4
2016-08-16;50399.0;23.2;20.4
2016-08-17;50545.0;22.3;20.3
2016-08-29;54186.0;20.3;19.2
2016-08-31;55675.0;21.3;18.9
2016-09-04;45983.0;21.1;18.4
2016-09-06;55782.0;21.7;18.2
2016-09-18;45038.0;15.8;16.7
2016-09-19;53297.0;16.7;16.5
2016-09-21;53842.0;16.2;16.2
2016-09-25;45065.0;17.0;15.7
2016-09-27;54079.0;16.9;15.4
2016-10-02;46472.0;13.9;14.9
2016-10-14;64017.0;11.6;13.3
2016-10-15;54239.0;12.6;13.1
2016-10-31;57747.0;11.4;10.9
2016-11-11;64852.0;8.1;9.2
2016-11-14;74098.0;7.3;8.8
2016-12-05;78162.0;6.1;6.1
2016-12-06;78435.0;6.0;6.0
2016-12-07;78495.0;5.7;5.9
2016-12-10;69387.0;5.5;5.6
2016-12-22;74990.0;6.4;4.8
2016-12-23;71973.0;6.3;4.8
2017-01-02;83561.0;2.3;4.6
2017-01-04;87584.0;2.2;4.7
2017-01-06;89484.0;-0.7;4.7
2017-01-07;83555.0;-0.6;4.6
2017-01-09;83320.0;5.0;4.7
2017-01-14;76812.0;3.1;4.8
2017-01-21;85462.0;-0.2;5.0
2017-01-26;93181.0;-0.2;5.3
2017-01-28;72439.0;6.8;5.3
2017-02-04;67896.0;7.2;5.7
2017-02-05;68280.0;6.9;5.8
2017-02-06;78407.0;6.3;5.9
2017-02-15;70788.0;10.4;6.4
2017-02-26;62070.0;8.5;7.1
2017-02-28;75275.0;7.1;7.2
2017-03-02;70722.0;8.9;7.3
2017-03-06;74391.0;8.0;7.6
2017-03-13;64688.0;10.6;8.2
2017-03-15;63972.0;10.9;8.3
2017-03-27;61828.0;12.2;9.6
2016-02-08;73966.0;9.5;6.0
2016-02-13;67993.0;7.7;6.3
2016-02-17;82500.0;2.0;6.5
2016-02-18;81354.0;3.2;6.5
2016-02-20;68701.0;8.2;6.7
2016-02-21;62314.0;10.7;6.7
2016-02-25;75515.0;5.6;7.0
2016-03-06;69185.0;4.6;7.6
2016-03-09;78084.0;5.5;7.8
2016-03-18;72405.0;6.9;8.6
2016-03-29;67222.0;10.5;9.8
2016-04-04;61614.0;12.2;10.5
2016-04-06;62842.0;11.0;10.7
2016-04-14;59917.0;11.6;11.7
2016-04-24;56442.0;7.5;13.1
2016-04-28;65331.0;8.3;13.6
2016-05-03;58935.0;12.3;14.2
2016-05-19;56368.0;12.9;16.1
2016-06-13;53290.0;16.9;18.7
2016-06-16;53969.0;15.3;19.0
2016-06-17;53787.0;15.5;19.0
2016-06-23;55620.0;24.2;19.6
2016-06-25;47521.0;18.7;19.7
2016-06-28;53997.0;19.1;20.0
2016-07-11;55183.0;20.7;20.8
2016-07-23;47592.0;21.0;19.8
2016-07-25;54138.0;22.3;19.5
2016-07-26;54396.0;21.3;19.5
2016-07-28;53934.0;21.0;19.3
2016-08-02;50658.0;20.3;21.1
2016-08-04;50905.0;19.2;21.1
2016-08-12;48519.0;19.8;20.6
2016-08-20;45616.0;19.0;20.1
2016-08-21;43752.0;18.3;19.9
2016-08-24;54790.0;24.9;19.6
2016-08-25;55604.0;25.5;19.5
2016-08-28;45982.0;22.5;19.2
2016-09-02;55506.0;21.4;18.6
2016-09-05;54493.0;20.3;18.3
2016-09-07;55581.0;22.1;18.0
2016-09-08;55088.0;20.6;17.9
2016-09-13;55911.0;23.9;17.2
2016-09-24;47615.0;17.6;15.9
2016-09-26;53447.0;15.7;15.6
2016-09-30;53785.0;16.4;15.1
2016-10-10;61072.0;9.4;13.8
2016-10-20;63152.0;10.7;12.4
2016-10-21;63718.0;10.2;12.3
2016-10-25;62213.0;13.6;11.7
2016-10-26;62545.0;12.3;11.6
2016-11-02;67127.0;10.3;10.6
2016-11-03;69033.0;7.7;10.4
2016-11-04;67826.0;8.4;10.3
2016-11-09;76227.0;7.2;9.5
2016-11-12;66708.0;6.0;9.1
2016-11-16;71556.0;10.1;8.5
2016-11-19;64633.0;8.0;8.1
2016-11-20;59651.0;11.4;7.9
2016-11-25;69568.0;9.0;7.2
2016-11-30;80878.0;3.3;6.7
2016-12-08;78733.0;5.8;5.8
2016-12-09;77570.0;6.2;5.8
2016-12-14;76906.0;5.9;5.3
2016-12-17;69762.0;5.0;5.1
2016-12-25;60347.0;9.0;4.8
2016-12-28;74110.0;3.6;4.7
2016-12-29;77714.0;1.5;4.6
2017-01-03;88273.0;1.2;4.6
2017-01-13;82967.0;4.1;4.8
2017-01-15;76343.0;2.8;4.8
2017-01-18;93910.0;-1.7;4.9
2017-01-23;89643.0;0.7;5.2
2017-01-27;87289.0;5.2;5.3
2017-01-31;74260.0;9.8;5.6
2017-02-12;70512.0;5.9;6.2
2017-02-17;71105.0;7.9;6.5
2017-02-18;64084.0;7.0;6.5
2017-02-19;63072.0;6.7;6.6
2017-02-23;70142.0;9.4;6.8
2017-02-24;70299.0;7.2;6.9
2017-02-25;65017.0;5.9;6.9
2017-03-04;64616.0;8.4;7.4
2017-03-07;74673.0;7.7;7.7
2017-03-10;65922.0;11.1;8.0
2017-03-16;64073.0;11.7;8.4
2017-03-18;57855.0;10.6;8.6
2017-03-24;67250.0;9.2;9.2
2017-03-26;54720.0;11.0;9.4
2017-03-28;60847.0;12.5;9.7
2017-04-01;52834.0;11.0;10.1
2017-04-03;59646.0;12.5;10.3
2017-04-12;56798.0;12.2;11.4
2017-04-17;51475.0;11.1;12.1
2017-04-26;63312.0;6.9;13.3
2017-05-03;60963.0;10.8;14.2
2017-05-08;51257.0;11.8;14.9
2017-05-09;57994.0;12.5;15.0
2017-05-14;46806.0;15.9;15.6
2017-05-24;53881.0;19.5;16.6
2017-06-02;54733.0;20.9;17.6
2017-07-10;54838.0;19.9;20.7
2017-07-19;56877.0;23.8;21.2
2017-07-20;55439.0;20.5;21.2
2017-07-28;52933.0;20.4;21.2
2017-08-02;52762.475;22.96;21.1325
2017-08-04;52517.256;22.58;21.06875
2017-08-16;48825.729;20.61;20.37
2017-08-21;50868.813;20.3;19.93875
2017-08-24;53189.8;20.98;19.64
2017-08-30;55973.984;20.57;18.9975
2017-09-02;47068.0;15.7;18.7
2017-09-04;53395.0;18.9;18.4
2017-09-05;54286.0;19.8;18.3
2017-09-06;54309.0;18.0;18.1
2017-09-08;54115.0;16.9;17.9
2017-09-11;53580.0;15.6;17.5
2017-09-21;55859.0;14.2;16.2
2017-09-23;49152.0;15.4;16.0
2017-10-03;55637.0;15.5;14.7
2017-10-08;50002.0;13.7;14.0
2017-10-10;56850.0;14.5;13.7
2017-10-16;55855.0;18.0;13.0
2017-10-17;56311.0;16.1;12.8
2017-10-23;60949.0;12.4;12.0
2017-11-03;61404.0;12.1;10.4
2017-11-04;55633.0;13.0;10.3
2017-11-22;70480.0;10.2;7.7
2017-11-24;66928.0;10.8;7.4
2017-12-05;81281.0;5.1;6.1
2017-12-11;81292.0;7.6;5.5
2017-12-13;81597.0;6.0;5.3
2017-12-20;80738.0;5.0;4.9
2017-12-31;61548.0;10.7;4.6
2018-01-20;70899.0;7.7;5.0
2018-01-26;74474.0;6.9;5.3
2018-01-29;74997.0;8.5;5.4
2018-01-30;74541.0;8.3;5.5
2018-02-01;79753.0;5.1;5.6
2018-02-11;74233.0;5.2;6.2
2018-02-12;83333.0;3.1;6.2
2018-02-14;85344.0;3.4;6.3
2018-02-22;84480.0;2.0;6.8
2018-02-23;85849.0;1.4;6.8
2012-01-08;66678.0;7.9;4.6
2012-01-09;77289.0;7.8;4.7
2012-01-12;80451.0;5.1;4.7
2012-01-13;78803.0;5.3;4.8
2012-01-21;67310.0;9.7;5.1
2012-01-22;64704.0;9.4;5.1
2012-01-24;78627.0;7.2;5.2
2012-01-26;77892.0;7.2;5.3
2012-01-31;89790.0;0.6;5.5
2012-02-02;96020.0;-3.5;5.6
2012-02-04;91226.0;-4.4;5.8
2012-02-05;90168.0;-4.4;5.8
2012-02-06;96334.0;-3.3;5.9
2012-02-11;94041.0;-4.8;6.1
2012-02-18;71561.0;6.4;6.5
2012-02-20;80993.0;2.7;6.7
2012-02-21;82474.0;2.9;6.7
2012-02-25;65173.0;9.1;7.0
2012-02-29;70950.0;9.1;7.2
2012-03-03;62317.0;9.2;7.4
2012-03-12;68180.0;10.4;8.1
2012-03-25;51340.0;13.8;9.3
2012-03-26;58428.0;14.4;9.4
2012-04-09;55548.0;10.4;11.1
2012-04-10;64866.0;10.0;11.2
2012-04-14;58398.0;8.8;11.7
2012-04-18;68482.0;8.9;12.3
2012-05-01;52007.0;12.8;14.0
2012-05-03;57566.0;14.1;14.2
2012-05-08;49880.0;14.8;14.8
2012-05-17;52416.0;12.6;15.9
2012-05-18;53563.0;14.2;16.0
2012-05-19;49137.0;14.4;16.1
2012-05-24;55052.0;19.8;16.7
2012-05-30;54666.0;19.2;17.3
2012-06-02;48255.0;20.7;17.6
2012-06-06;55968.0;17.0;18.0
2012-06-07;55874.0;18.3;18.1
2012-06-12;55871.0;14.2;18.6
2012-06-16;48745.0;18.2;19.0
2012-06-22;54441.0;17.7;19.5
2012-06-28;57442.0;24.0;20.0
2012-07-09;55061.0;19.3;20.7
2012-07-13;55855.0;17.5;20.9
2012-07-16;54078.0;17.4;21.1
2012-07-17;55141.0;19.9;21.1
2012-07-22;46283.0;18.7;21.2
2012-08-02;52209.0;20.8;21.1
2012-08-06;48332.0;18.3;21.0
2012-08-07;48160.0;18.8;20.9
2012-08-15;44245.0;22.5;20.4
2012-08-21;54275.0;24.2;19.9
2012-08-23;52982.0;21.1;19.8
2012-08-24;52995.0;20.6;19.6
2012-09-18;55265.0;16.2;16.6
2012-09-26;58352.0;14.0;15.6
2012-09-27;57153.0;13.8;15.5
2017-02-27;72503.0;9.3;7.1
2017-03-01;74003.0;8.3;7.2
2017-03-09;67159.0;12.0;7.9
2017-03-11;56734.0;11.2;8.0
2017-03-14;65659.0;10.0;8.3
2017-03-22;67046.0;8.0;9.1
2017-04-05;59103.0;11.7;10.6
2017-04-06;60605.0;10.6;10.7
2017-04-11;56197.0;11.9;11.3
2017-04-19;62027.0;7.8;12.4
2017-05-01;52138.0;10.2;14.0
2017-05-02;60363.0;11.0;14.1
2017-05-10;56460.0;14.2;15.1
2017-05-16;53793.0;20.4;15.7
2017-05-17;54123.0;20.1;15.9
2017-05-21;45774.0;15.7;16.3
2017-05-28;46165.0;22.9;17.1
2017-05-30;54416.0;19.3;17.3
2017-06-12;54125.0;19.9;18.6
2017-06-27;56147.0;21.1;19.9
2017-06-28;54813.0;18.6;20.0
2017-07-01;47849.0;16.2;20.2
2017-07-06;56685.0;24.7;20.6
2017-07-13;55395.0;20.5;20.9
2017-07-15;46853.0;20.3;21.1
2017-07-16;47349.0;22.4;21.0
2017-07-18;56958.0;25.7;21.2
2017-07-26;53850.0;18.8;21.2
2017-07-27;53786.0;20.0;21.2
2017-07-29;47252.0;22.3;21.2
2017-08-07;48845.868;20.3;20.94
2017-08-08;48652.916;18.03;20.89375
2017-08-12;43894.526;17.77;20.65625
2017-08-18;50516.471;20.29;20.20375
2017-08-19;45148.697;17.97;20.1125
2017-08-27;45678.936;23.57;19.3275
2017-08-28;55308.619;24.5;19.225
2017-08-31;54248.96;16.68;18.88375
2017-09-10;45038.0;14.7;17.7
2017-09-16;49757.0;11.9;16.9
2017-09-25;54672.0;16.3;15.8
2017-09-27;55291.0;16.1;15.5
2017-09-29;54142.0;18.3;15.2
2017-10-01;48171.0;14.8;15.0
2017-10-04;56046.0;13.7;14.6
2017-10-07;51374.0;11.6;14.2
2017-10-09;57104.0;14.2;13.9
2017-10-14;49159.0;15.9;13.2
2017-10-18;57130.0;15.9;12.7
2017-10-22;51361.0;11.7;12.1
2017-10-24;58934.0;14.6;11.8
2017-11-08;74722.0;6.3;9.7
2017-11-10;69264.0;9.1;9.4
2017-11-12;61380.0;10.4;9.1
2017-11-13;74623.0;6.5;9.0
2017-11-20;75199.0;7.1;8.0
2017-12-04;82127.0;4.9;6.2
2017-12-06;82336.0;4.1;5.9
2017-12-07;81645.0;5.3;5.9
2017-12-09;75962.0;2.7;5.7
2017-12-14;80243.0;7.5;5.3
2017-12-19;82853.0;3.5;5.0
2017-12-21;77046.0;7.5;4.9
2017-12-29;76458.0;4.9;4.7
2018-01-06;65706.0;7.6;4.6
2018-01-08;77095.0;7.3;4.6
2018-01-11;77660.0;6.5;4.8
2018-01-16;76623.0;9.4;4.9
2018-01-22;73086.0;10.9;5.1
2018-01-24;71912.0;10.4;5.2
2018-01-25;74038.0;8.9;5.2
2018-02-05;87450.0;1.7;5.8
2018-02-07;89247.0;0.9;5.9
2018-02-09;87754.0;1.2;6.0
2018-02-13;87217.0;1.7;6.2
2018-02-18;69565.0;5.0;6.6
2018-02-20;78819.0;6.0;6.7
2018-02-26;92260.0;-1.4;7.1
2012-01-10;77204.0;7.4;4.7
2012-01-15;75845.0;1.1;4.8
2012-01-18;86206.0;3.3;4.9
2012-01-20;77123.0;8.5;5.0
2012-01-25;76707.0;8.0;5.2
2012-01-28;72361.0;4.1;5.4
2012-01-30;87828.0;1.4;5.5
2012-02-12;91126.0;-4.2;6.2
2012-02-27;73185.0;6.5;7.1
2012-03-01;69655.0;9.0;7.2
2012-03-06;76632.0;5.1;7.6
2012-03-07;76835.0;5.2;7.7
2012-03-10;65575.0;8.5;7.9
2012-03-15;65333.0;11.7;8.3
2012-03-16;62908.0;12.4;8.4
2012-03-17;59212.0;10.7;8.5
2012-03-18;61223.0;7.9;8.6
2012-03-20;70762.0;7.6;8.8
2012-03-29;57993.0;14.0;9.8
2012-03-30;57508.0;13.4;9.9
2012-04-08;55713.0;8.8;11.0
2012-04-12;65382.0;9.1;11.5
2017-06-05;45765.0;17.3;17.9
2017-06-06;53286.0;15.4;18.0
2017-06-07;53364.0;15.4;18.1
2017-06-10;47844.0;20.9;18.4
2017-06-11;46539.0;22.2;18.5
2017-06-15;56794.0;22.6;18.9
2017-06-19;56987.0;25.8;19.2
2017-06-21;59312.0;26.8;19.4
2017-06-24;49321.0;21.4;19.7
2017-06-25;47499.0;21.7;19.8
2017-06-30;53567.0;16.0;20.1
2017-07-02;46021.0;17.3;20.3
2017-07-05;56472.0;24.1;20.5
2017-07-22;48048.0;19.3;21.2
2017-08-11;48057.035;16.44;20.7275
2017-08-13;42818.132;19.06;20.58875
2017-08-15;43620.456;21.36;20.44
2017-08-17;49833.369;21.45;20.28625
2017-08-23;52495.158;21.7;19.75
2017-08-29;56230.022;24.42;19.11125
2017-09-03;44823.0;15.9;18.5
2017-09-07;54043.0;16.8;18.0
2017-09-12;53806.0;15.4;17.4
2017-09-14;55664.0;14.7;17.2
2017-09-18;56368.0;12.4;16.7
2017-09-19;57138.0;12.8;16.6
2017-09-22;55511.0;14.9;16.2
2017-09-24;46513.0;17.0;15.9
2017-10-11;56792.0;15.4;13.7
2017-10-19;56509.0;16.1;12.5
2017-10-29;52978.0;11.5;11.1
2017-10-31;64470.0;7.7;10.8
2017-11-01;57738.0;9.2;10.7
2017-11-06;71334.0;6.6;10.0
2017-11-09;73355.0;7.4;9.5
2017-11-26;67699.0;4.6;7.2
2017-12-01;83263.0;2.2;6.6
2017-12-10;71890.0;6.0;5.6
2017-12-17;74190.0;4.2;5.1
2017-12-22;72512.0;8.3;4.9
2017-12-25;63356.0;5.4;4.7
2018-01-01;62840.0;8.3;4.6
2018-01-02;71341.0;8.6;4.6
2018-01-03;72239.0;11.0;4.7
2018-01-04;69998.0;11.7;4.6
2018-02-02;80065.0;3.9;5.7
2018-02-03;73419.0;4.0;5.7
2018-02-25;77626.0;1.5;6.9
2012-01-01;58414.0;11.7;4.6
2012-01-05;78491.0;9.2;4.6
2012-01-11;78097.0;6.5;4.7
2012-01-14;74792.0;2.4;4.8
2012-01-17;86628.0;1.0;4.9
2012-01-19;80046.0;8.4;5.0
2012-01-29;74284.0;2.6;5.4
2012-02-03;95880.0;-4.6;5.7
2012-02-08;102098.0;-4.9;6.0
2012-02-14;89202.0;3.1;6.3
2012-03-02;68025.0;9.5;7.3
2012-03-19;69339.0;7.2;8.7
2012-03-21;68392.0;10.2;8.9
2012-03-23;62664.0;12.9;9.1
2012-03-27;59038.0;14.1;9.5
2012-03-28;58600.0;14.1;9.7
2012-04-03;61523.0;10.8;10.3
2012-04-05;64331.0;10.2;10.6
2012-04-06;63608.0;10.1;10.7
2012-04-07;56916.0;9.5;10.8
2012-04-17;70018.0;7.5;12.1
2012-04-19;67016.0;9.1;12.4
2012-04-20;66660.0;9.2;12.5
2012-05-02;58290.0;12.7;14.1
2012-05-06;50639.0;11.9;14.6
2012-05-14;54156.0;13.2;15.5
2012-05-15;56666.0;11.1;15.7
2012-05-16;57556.0;10.6;15.8
2012-05-28;46458.0;18.8;17.1
2012-06-04;54150.0;15.1;17.8
2012-06-10;45893.0;15.3;18.4
2012-06-15;54749.0;18.4;18.9
2012-06-17;46288.0;18.3;19.1
2012-06-18;54871.0;18.2;19.1
2012-06-19;55868.0;17.9;19.2
2012-06-20;55931.0;19.9;19.3
2012-06-21;56137.0;19.7;19.4
2012-06-23;47680.0;17.8;19.6
2012-06-27;56994.0;23.0;19.9
2012-07-05;56536.0;18.6;20.5
2012-07-14;47833.0;17.5;21.0
2012-07-15;46007.0;16.5;21.0
2012-07-26;56613.0;25.1;21.2
2012-07-29;45133.0;18.2;21.2
2012-08-03;51133.0;20.2;21.1
2012-08-04;45754.0;20.2;21.1
2012-08-27;52358.0;20.5;19.3
2012-08-28;54332.0;20.8;19.2
2012-09-07;54645.0;18.8;18.0
2012-09-10;54751.0;20.8;17.7
2012-09-12;56376.0;15.4;17.4
2012-09-14;54235.0;15.0;17.2
2017-04-10;54558.0;13.8;11.3
2017-04-13;56843.0;12.6;11.6
2017-04-14;56016.0;12.8;11.7
2017-04-20;64204.0;7.8;12.6
2017-04-21;62945.0;10.4;12.7
2017-04-25;59650.0;9.6;13.2
2017-04-28;65440.0;8.4;13.6
2017-05-04;60424.0;11.6;14.4
2017-05-07;50054.0;12.8;14.7
2017-05-12;55414.0;15.4;15.3
2017-05-13;49175.0;15.2;15.4
2017-05-15;53849.0;17.8;15.7
2017-05-20;48772.0;13.0;16.2
2017-05-27;46620.0;22.5;16.9
2017-06-01;54577.0;20.7;17.5
2017-06-16;55367.0;20.3;18.9
2017-06-17;48740.0;21.7;19.1
2017-06-23;56807.0;21.8;19.6
2017-06-26;55498.0;21.6;19.8
2017-07-07;57466.0;25.4;20.6
2017-07-08;50225.0;24.1;20.6
2017-07-14;47220.0;20.1;21.0
2017-07-17;55870.0;23.8;21.1
2017-07-21;54333.0;19.7;21.2
2017-07-23;45981.0;18.8;21.2
2017-07-25;53549.0;18.4;21.3
2017-07-31;51358.0;20.9;21.2
2017-08-01;52209.036;21.59;21.1575
2017-08-05;46622.382;21.18;21.02625
2017-08-06;44074.881;19.46;20.9875
2017-08-09;48270.633;16.52;20.8425
2017-08-10;48198.904;16.08;20.78
2017-08-14;46318.69;21.17;20.5225
2017-08-22;52488.517;22.46;19.845
2017-08-25;53198.549;21.55;19.54
2017-09-09;47996.0;14.9;17.8
2017-09-17;48083.0;12.2;16.8
2017-10-05;56674.0;14.1;14.5
2017-10-12;56420.0;16.1;13.5
2017-10-15;47617.0;17.1;13.1
2017-10-21;50534.0;14.6;12.3
2017-10-25;58530.0;15.0;11.7
2017-10-26;58371.0;14.4;11.6
2017-10-27;57406.0;13.6;11.5
2017-10-28;53222.0;10.6;11.3
2017-10-30;64274.0;9.4;11.0
2017-11-02;63954.0;11.7;10.5
2017-11-05;58390.0;8.9;10.1
2017-11-07;73728.0;5.6;9.8
2017-11-11;60215.0;10.9;9.3
2017-11-14;75460.0;5.6;8.8
2017-11-15;75175.0;5.9;8.7
2017-11-17;72886.0;7.2;8.4
2017-11-25;65376.0;7.4;7.3
2017-11-27;78114.0;5.8;7.0
2017-11-28;78717.0;5.8;6.9
2017-11-30;83768.0;3.1;6.7
2017-12-12;82499.0;4.0;5.5
2017-12-15;78950.0;5.8;5.2
2017-12-16;74406.0;4.3;5.2
2017-12-18;81165.0;5.8;5.0
2017-12-24;63475.0;6.9;4.8
2017-12-26;70427.0;7.0;4.7
2017-12-27;75091.0;5.7;4.7
2017-12-28;76873.0;3.0;4.6
2017-12-30;65032.0;11.1;4.6
2018-01-12;77229.0;5.3;4.8
2018-01-15;78681.0;6.9;4.8
2018-01-17;79397.0;6.9;4.9
2018-01-18;76324.0;8.4;5.0
2018-01-21;66063.0;9.2;5.1
2018-01-23;72751.0;9.7;5.1
2018-01-27;70320.0;5.4;5.4
2018-01-31;76320.0;7.8;5.6
2018-02-04;75170.0;3.3;5.8
2018-02-06;87825.0;1.8;5.9
2018-02-15;77992.0;8.2;6.3
2018-02-19;79033.0;5.1;6.6
2018-02-24;77674.0;2.0;6.9
2018-02-28;96609.0;-3.4;7.2
2012-01-23;76619.0;7.9;5.1
2012-02-01;94593.0;-1.5;5.6
2012-02-09;99668.0;-3.8;6.0
2012-02-10;96785.0;-2.9;6.1
2012-02-13;93773.0;0.1;6.3
2012-02-15;85944.0;5.0;6.4
2012-02-17;80168.0;6.0;6.5
2012-02-24;73249.0;9.3;6.9
2012-02-28;72885.0;7.9;7.2
2012-03-04;63114.0;8.8;7.5
2012-03-05;76048.0;5.9;7.5
2012-03-08;74495.0;6.7;7.8
2012-03-13;66743.0;10.8;8.2
2012-03-14;65697.0;10.6;8.3
2012-04-01;52392.0;9.8;10.1
2012-04-11;65647.0;11.3;11.4
2012-04-13;64986.0;9.1;11.6
2012-04-15;59252.0;7.8;11.9
2012-04-16;68244.0;7.0;12.0
2012-04-21;59687.0;9.7;12.7
2017-06-13;55210.0;20.4;18.6
2017-06-14;56165.0;22.8;18.8
2017-07-03;53828.0;19.4;20.3
2017-07-09;46979.0;22.4;20.7
2017-07-11;54980.0;19.9;20.9
2017-07-12;55924.0;20.5;20.9
2017-07-24;53274.0;18.1;21.2
2017-07-30;45182.0;21.8;21.2
2017-08-03;52806.288;23.24;21.10375
2017-08-20;43998.588;17.84;20.0275
2017-08-26;47861.181;22.71;19.435
2017-09-01;53073.0;15.9;18.7
2017-09-13;55499.0;16.9;17.3
2017-09-15;55027.0;12.6;17.0
2017-09-20;57302.0;13.1;16.4
2017-09-26;55190.0;16.0;15.6
2017-09-28;54903.0;17.6;15.3
2017-09-30;49222.0;15.2;15.1
2017-10-02;55415.0;17.0;14.8
2017-10-06;56466.0;12.6;14.3
2017-10-13;55236.0;16.0;13.4
2017-10-20;55818.0;14.8;12.4
2017-11-16;74830.0;6.0;8.5
2017-11-18;66719.0;6.4;8.2
2017-11-19;65167.0;6.7;8.1
2017-11-21;73140.0;8.7;7.8
2017-11-23;67985.0;12.6;7.5
2017-11-29;80823.0;3.9;6.7
2017-12-02;78749.0;1.2;6.4
2017-12-03;77284.0;1.4;6.3
2017-12-08;80730.0;5.3;5.8
2017-12-23;65010.0;8.1;4.8
2018-01-05;69754.0;9.6;4.6
2018-01-07;66587.0;8.0;4.7
2018-01-09;76636.0;6.8;4.7
2018-01-10;75418.0;7.6;4.7
2018-01-13;72306.0;4.4;4.8
2018-01-14;71145.0;4.8;4.8
2018-01-19;76068.0;6.6;5.0
2018-01-28;66634.0;7.4;5.4
2018-02-08;87765.0;1.0;6.0
2018-02-10;77398.0;3.0;6.1
2018-02-16;77184.0;7.3;6.4
2018-02-17;69011.0;6.7;6.4
2018-02-21;82270.0;3.5;6.8
2018-02-27;94631.0;-3.7;7.1
2012-01-02;73329.0;8.4;4.6
2012-01-03;76730.0;8.4;4.6
2012-01-04;78387.0;8.1;4.6
2012-01-06;77712.0;6.8;4.6
2012-01-07;68712.0;7.5;4.6
2012-01-16;85551.0;1.4;4.9
2012-01-27;76756.0;5.4;5.3
2012-02-07;100655.0;-4.7;5.9
2012-02-16;82548.0;6.0;6.4
2012-02-19;71684.0;4.9;6.6
2012-02-22;81440.0;3.8;6.8
2012-02-23;77203.0;7.3;6.8
2012-02-26;63649.0;8.2;7.0
2012-03-09;74976.0;6.8;7.8
2012-03-11;61331.0;9.7;8.0
2012-03-22;64594.0;12.6;9.0
2012-03-24;55081.0;13.6;9.2
2012-03-31;51909.0;11.5;10.0
2012-04-02;61395.0;10.6;10.2
2012-04-04;63396.0;9.6;10.5
2012-04-26;63838.0;12.6;13.3
2012-04-29;52916.0;13.7;13.7
2012-05-09;57155.0;17.3;15.0
2012-05-10;55489.0;20.4;15.1
2012-05-13;47936.0;12.7;15.4
2012-05-23;56939.0;17.0;16.6
2012-05-25;54100.0;21.7;16.8
2012-06-03;45163.0;17.3;17.7
2012-06-05;54862.0;15.2;17.9
2012-06-13;56473.0;14.3;18.7
2012-06-24;46335.0;17.8;19.7
2012-06-30;48930.0;20.2;20.1
2012-07-06;54967.0;18.0;20.6
2012-07-07;48185.0;19.0;20.6
2012-07-08;46007.0;18.9;20.7
2012-07-24;54956.0;22.2;21.2
2012-07-25;55907.0;24.1;21.2
2012-07-27;55152.0;23.6;21.2
2012-07-31;52015.0;20.4;21.2
2012-08-13;48729.0;21.0;20.6
2012-08-16;48721.0;21.0;20.4
2012-08-18;46380.0;26.3;20.2
2012-08-22;53006.0;21.4;19.8
2012-08-25;47140.0;20.1;19.5
2012-08-26;43983.0;18.6;19.4
2012-09-06;54991.0;18.5;18.2
2012-09-19;54778.0;14.1;16.5
2012-09-20;54982.0;13.4;16.4
2012-09-30;47995.0;12.6;15.1
2012-10-07;48968.0;15.8;14.2
2012-10-12;57010.0;13.7;13.5
2012-10-14;53227.0;10.3;13.2
2012-10-16;63218.0;11.2;13.0
2012-10-18;61056.0;16.3;12.7
2012-10-29;72011.0;6.2;11.1
2012-10-30;71212.0;7.2;11.0
2012-11-16;72514.0;7.1;8.5
2012-11-20;73127.0;8.6;7.9
2012-11-23;71160.0;9.0;7.5
2012-11-28;78469.0;6.7;6.9
2012-12-08;76840.0;3.5;5.8
2012-12-17;77335.0;8.0;5.1
2012-12-20;76980.0;7.4;4.9
2012-12-22;66498.0;8.8;4.8
2012-12-23;59523.0;11.4;4.8
2012-12-30;62263.0;8.1;4.6
2013-01-08;81341.0;4.5;4.6
2013-01-10;79623.0;6.3;4.7
2013-01-12;72044.0;4.3;4.7
2013-01-17;92597.0;-1.9;4.9
2013-01-23;86541.0;2.7;5.1
2013-01-26;79849.0;2.1;5.3
2013-02-05;82253.0;6.2;5.8
2013-02-09;78441.0;1.9;6.0
2013-02-15;79348.0;5.8;6.4
2013-02-20;80821.0;4.1;6.7
2013-02-23;85429.0;-1.6;6.8
2013-02-24;82675.0;-0.4;6.9
2013-03-01;82928.0;3.5;7.2
2013-03-04;78389.0;6.9;7.5
2013-03-14;82858.0;1.9;8.3
2013-03-20;75025.0;6.9;8.8
2013-03-22;70990.0;9.6;9.0
2013-03-25;73428.0;6.4;9.3
2013-03-31;66882.0;4.8;10.0
2013-04-02;75754.0;6.6;10.2
2013-04-05;75622.0;5.7;10.6
2013-04-08;72343.0;7.7;11.0
2013-04-09;71479.0;9.1;11.1
2013-04-13;59070.0;11.9;11.6
2013-04-22;60135.0;10.6;12.8
2013-04-29;63075.0;9.6;13.7
2013-05-06;54713.0;14.8;14.6
2013-05-16;59943.0;10.5;15.8
2013-05-17;58820.0;11.3;15.9
2013-06-05;55150.0;17.2;17.9
2013-06-09;45653.0;14.9;18.3
2013-06-14;54369.0;16.3;18.8
2013-06-27;55076.0;15.9;19.9
2013-06-28;54882.0;15.7;20.0
2013-06-30;46145.0;18.2;20.1
2013-07-05;55292.0;20.3;20.5
2013-07-06;48673.0;21.8;20.6
2013-07-08;56014.0;23.3;20.7
2013-07-13;48624.0;20.8;20.9
2013-07-15;55596.0;23.3;21.0
2013-07-17;56868.0;23.1;21.1
2013-07-27;48627.0;24.0;21.2
2013-07-30;52402.0;20.6;21.2
2013-08-05;50894.0;22.7;21.0
2013-08-12;48077.0;20.2;20.7
2013-08-17;44447.0;21.5;20.3
2013-08-24;46278.0;19.3;19.6
2013-08-26;51795.0;17.8;19.4
2013-09-01;44771.0;17.8;18.8
2013-09-03;54723.0;19.7;18.5
2013-09-11;55403.0;14.4;17.5
2013-09-12;55503.0;15.1;17.4
2013-09-16;54552.0;14.1;16.9
2013-09-19;55925.0;14.7;16.5
2013-09-25;55195.0;18.5;15.7
2013-10-10;59269.0;11.3;13.8
2013-10-16;61663.0;14.3;13.0
2013-10-17;59727.0;14.6;12.8
2013-10-27;48918.0;15.8;11.4
2013-11-05;69653.0;10.1;10.1
2013-11-09;59347.0;9.9;9.5
2013-11-12;71017.0;9.0;9.1
2013-11-25;80557.0;5.6;7.3
2013-12-04;83191.0;4.4;6.2
2013-12-05;82719.0;5.4;6.1
2013-12-06;79065.0;6.1;6.0
2013-12-07;71693.0;4.6;5.9
2013-12-12;83880.0;3.2;5.4
2013-12-20;75717.0;6.1;4.9
2013-12-28;66224.0;7.8;4.7
2014-01-05;65817.0;7.2;4.6
2014-01-20;79323.0;5.4;5.0
2014-01-23;80516.0;6.2;5.1
2014-02-04;78518.0;6.5;5.8
2014-02-15;66690.0;9.6;6.4
2014-02-25;73065.0;8.6;7.0
2014-03-05;71556.0;7.6;7.5
2014-03-07;70911.0;8.4;7.7
2014-03-08;60166.0;10.4;7.8
2014-03-14;64136.0;10.6;8.3
2014-03-28;67987.0;9.3;9.7
2014-03-29;57209.0;12.5;9.8
2014-04-08;58672.0;11.7;11.0
2014-04-09;60730.0;11.2;11.1
2014-04-10;59255.0;12.7;11.2
2014-04-28;59104.0;11.6;13.6
2014-04-29;59207.0;11.9;13.7
2014-05-04;49117.0;11.6;14.3
2012-04-22;57071.0;9.2;12.8
2012-04-27;62241.0;12.7;13.4
2012-04-28;55235.0;14.1;13.6
2012-04-30;55515.0;12.3;13.8
2012-05-04;57176.0;13.8;14.3
2012-05-21;59863.0;12.4;16.3
2012-05-27;45289.0;18.5;17.0
2012-05-29;53647.0;19.6;17.2
2012-06-09;48043.0;15.1;18.3
2012-06-11;55009.0;15.6;18.5
2012-06-26;56701.0;20.4;19.8
2012-06-29;56111.0;20.9;20.1
2012-07-01;45930.0;17.0;20.2
2012-07-04;56761.0;20.6;20.4
2012-07-10;56077.0;18.5;20.8
2012-07-12;55679.0;17.2;20.9
2012-07-18;56065.0;21.5;21.1
2012-07-19;55866.0;19.2;21.2
2012-07-20;55219.0;17.8;21.2
2012-07-21;47816.0;17.8;21.2
2012-07-23;53474.0;20.3;21.2
2012-07-28;47523.0;20.5;21.2
2012-08-01;52856.0;21.6;21.2
2012-08-09;49388.0;22.3;20.8
2012-08-10;49357.0;22.8;20.8
2012-08-19;45766.0;26.2;20.1
2012-09-03;54477.0;17.7;18.5
2012-09-04;55266.0;19.1;18.4
2012-09-09;44985.0;20.9;17.8
2012-09-22;49690.0;15.8;16.1
2012-09-24;55382.0;17.3;15.9
2012-10-01;56578.0;13.7;15.0
2012-10-11;58126.0;15.6;13.6
2012-10-13;52541.0;11.1;13.4
2012-10-20;53079.0;15.4;12.4
2012-10-23;59453.0;14.9;12.0
2012-10-27;61334.0;6.6;11.4
2012-11-02;65454.0;9.4;10.6
2012-11-06;72574.0;7.6;10.0
2012-11-08;72286.0;8.1;9.7
2012-11-09;69955.0;8.3;9.5
2012-11-12;73791.0;7.1;9.1
2012-11-17;63265.0;9.2;8.4
2012-11-21;73980.0;8.7;7.8
2012-11-26;72061.0;10.3;7.1
2012-11-27;75171.0;7.4;7.0
2012-12-07;84115.0;3.0;5.9
2012-12-19;77324.0;6.4;5.0
2012-12-21;72579.0;7.5;4.9
2013-01-03;74569.0;7.1;4.6
2013-01-15;87682.0;2.2;4.8
2013-01-16;89570.0;0.1;4.9
2013-01-19;82765.0;1.3;5.0
2013-01-30;74543.0;10.9;5.5
2013-01-31;74743.0;9.2;5.5
2013-02-01;73379.0;9.3;5.6
2013-02-11;83338.0;3.7;6.1
2013-02-13;85989.0;2.1;6.3
2013-02-19;82076.0;3.9;6.6
2013-02-22;86015.0;-0.5;6.8
2013-03-05;73382.0;10.1;7.5
2013-03-07;68946.0;11.3;7.7
2013-03-16;74143.0;5.1;8.4
2013-03-17;69046.0;6.4;8.5
2013-03-26;74350.0;5.5;9.4
2013-03-27;75120.0;5.3;9.5
2013-03-28;74773.0;5.2;9.7
2013-04-21;53672.0;9.6;12.7
2013-04-25;55613.0;17.2;13.2
2013-04-27;55414.0;7.9;13.4
2013-05-01;55052.0;11.9;14.0
2013-05-03;59077.0;12.6;14.2
2013-05-12;48786.0;12.1;15.3
2013-05-15;58709.0;11.9;15.7
2013-05-21;61779.0;11.9;16.3
2013-05-26;53780.0;10.9;16.9
2013-05-27;57357.0;13.0;17.0
2013-05-30;61638.0;11.7;17.3
2013-05-31;60218.0;13.1;17.4
2013-06-01;52553.0;14.8;17.5
2013-06-07;54740.0;20.2;18.1
2013-06-18;56361.0;21.4;19.1
2013-06-25;54817.0;15.0;19.7
2013-06-26;54886.0;15.9;19.8
2013-06-29;48925.0;16.7;20.1
2013-07-01;54188.0;18.8;20.2
2013-07-04;55589.0;18.2;20.4
2013-07-09;56935.0;23.1;20.7
2013-07-26;56081.0;24.6;21.2
2013-07-28;45320.0;21.6;21.2
2013-08-06;50333.0;20.9;21.0
2013-08-07;49275.0;19.1;20.9
2013-08-13;48122.0;18.8;20.6
2013-08-14;48310.0;18.9;20.5
2013-08-15;43843.0;20.4;20.4
2013-08-18;43729.0;21.4;20.2
2013-08-19;49741.0;19.8;20.1
2013-08-21;50437.0;20.2;19.9
2013-08-22;51155.0;21.5;19.8
2013-08-25;43584.0;16.3;19.5
2012-09-21;55463.0;14.5;16.3
2012-09-23;46607.0;17.9;16.0
2012-09-25;56942.0;14.9;15.7
2012-09-28;55586.0;13.8;15.3
2012-09-29;50564.0;13.5;15.2
2012-10-02;56881.0;14.9;14.8
2012-10-04;57680.0;15.3;14.6
2012-10-05;56076.0;16.8;14.4
2012-10-09;57742.0;17.0;13.9
2012-10-15;62373.0;9.9;13.1
2012-10-19;58847.0;16.1;12.6
2012-10-21;50012.0;16.5;12.3
2012-10-24;61107.0;13.2;11.9
2012-11-03;59830.0;10.8;10.4
2012-11-07;72540.0;7.9;9.8
2012-11-10;61341.0;11.3;9.4
2012-11-13;73802.0;7.4;8.9
2012-11-22;74113.0;8.0;7.7
2012-11-25;59643.0;11.2;7.3
2012-11-30;79430.0;2.8;6.7
2012-12-01;74824.0;1.9;6.5
2012-12-06;86471.0;2.4;6.0
2012-12-09;74544.0;3.2;5.7
2012-12-12;90668.0;-1.2;5.4
2012-12-15;68990.0;9.3;5.2
2012-12-16;66575.0;8.8;5.2
2012-12-18;76857.0;7.5;5.0
2012-12-24;61199.0;10.1;4.8
2012-12-26;66241.0;9.1;4.7
2012-12-27;67871.0;9.5;4.7
2012-12-31;64378.0;7.9;4.7
2013-01-02;74471.0;5.6;4.6
2013-01-04;72426.0;8.1;4.6
2013-01-06;66487.0;6.7;4.6
2013-01-07;78770.0;5.9;4.6
2013-01-11;77241.0;6.0;4.7
2013-01-14;87280.0;1.7;4.8
2013-01-24;87811.0;1.8;5.2
2013-01-25;88391.0;-0.2;5.2
2013-02-03;72906.0;3.6;5.7
2013-02-06;84826.0;4.4;5.9
2013-02-07;86379.0;3.4;5.9
2013-02-10;77264.0;2.4;6.1
2013-02-21;86145.0;1.6;6.7
2013-02-25;87960.0;0.9;7.0
2013-02-26;86151.0;1.7;7.0
2013-02-28;82954.0;3.1;7.2
2013-03-02;76059.0;3.4;7.3
2013-03-03;72955.0;3.9;7.4
2013-03-09;60686.0;10.4;7.8
2013-03-11;76653.0;6.0;8.0
2013-03-13;84855.0;1.0;8.2
2013-03-15;83569.0;2.6;8.3
2013-03-19;76269.0;6.5;8.7
2013-03-21;74325.0;7.3;8.9
2013-03-29;74814.0;5.3;9.8
2013-04-01;65691.0;5.4;10.1
2013-04-04;75218.0;6.1;10.5
2013-04-06;69068.0;5.5;10.7
2013-04-07;66600.0;6.6;10.8
2013-04-10;69245.0;10.8;11.2
2013-04-12;65479.0;11.2;11.5
2013-04-16;57184.0;15.1;12.0
2013-04-20;54780.0;8.8;12.5
2013-04-23;60122.0;12.2;12.9
2013-04-24;57963.0;14.8;13.1
2013-04-30;63625.0;10.9;13.8
2013-05-13;57307.0;13.1;15.4
2013-05-14;57633.0;13.1;15.5
2013-05-18;53197.0;11.4;16.0
2013-05-22;61153.0;12.3;16.5
2013-05-29;60895.0;10.6;17.2
2013-06-16;45938.0;19.2;19.0
2013-06-19;56481.0;20.2;19.2
2013-06-22;48263.0;17.2;19.5
2013-07-03;56172.0;17.5;20.4
2013-07-11;55955.0;20.0;20.8
2013-07-21;48051.0;25.3;21.2
2013-07-23;57316.0;23.7;21.2
2013-07-24;56620.0;23.0;21.2
2013-07-29;51735.0;20.1;21.2
2013-08-02;53659.0;25.1;21.1
2013-08-03;46082.0;22.1;21.1
2013-08-04;45259.0;22.1;21.1
2013-08-08;48423.0;19.0;20.9
2013-08-31;47356.0;19.1;18.9
2013-09-09;53445.0;15.8;17.8
2013-09-10;53933.0;15.8;17.7
2013-09-15;45283.0;14.9;17.0
2013-09-17;56182.0;13.8;16.8
2013-09-23;53875.0;17.9;16.0
2013-09-24;54388.0;17.8;15.9
2013-09-26;55133.0;19.4;15.6
2013-10-02;55641.0;17.8;14.8
2013-10-04;55451.0;18.1;14.6
2013-10-05;48474.0;16.3;14.4
2013-10-06;47070.0;15.2;14.3
2013-10-08;55930.0;15.1;14.0
2013-10-13;54042.0;9.8;13.4
2013-10-19;51735.0;15.7;12.6
2012-04-23;65607.0;8.8;12.9
2012-04-24;67017.0;9.3;13.1
2012-04-25;67208.0;10.4;13.2
2012-05-05;51927.0;12.4;14.5
2012-05-07;53113.0;13.2;14.7
2012-05-11;55219.0;18.6;15.2
2012-05-12;49684.0;14.6;15.3
2012-05-20;48841.0;14.3;16.2
2012-05-22;59451.0;14.3;16.5
2012-05-26;48337.0;19.8;16.9
2012-05-31;54237.0;18.5;17.4
2012-06-01;54762.0;19.3;17.5
2012-06-08;54771.0;16.6;18.2
2012-06-14;54540.0;16.5;18.8
2012-06-25;55078.0;18.7;19.7
2012-07-02;54582.0;17.5;20.3
2012-07-03;55437.0;19.6;20.4
2012-07-11;55890.0;17.7;20.8
2012-07-30;51331.0;18.0;21.2
2012-08-05;43202.0;18.8;21.0
2012-08-08;48545.0;20.5;20.9
2012-08-11;44897.0;22.0;20.7
2012-08-12;43638.0;21.1;20.7
2012-08-14;49453.0;21.9;20.5
2012-08-17;49998.0;24.2;20.3
2012-08-20;52983.0;24.6;20.0
2012-08-29;55301.0;20.2;19.1
2012-08-30;55046.0;17.8;19.0
2012-08-31;53365.0;15.2;18.9
2012-09-01;47102.0;14.7;18.8
2012-09-02;44813.0;16.8;18.7
2012-09-05;55725.0;19.4;18.3
2012-09-08;48176.0;20.1;17.9
2012-09-11;56441.0;18.8;17.5
2012-09-13;55088.0;15.1;17.3
2012-09-15;47866.0;16.5;17.0
2012-09-16;44499.0;16.6;16.9
2012-09-17;53859.0;17.5;16.8
2012-10-03;57825.0;15.3;14.7
2012-10-06;50040.0;16.6;14.3
2012-10-08;58156.0;15.9;14.0
2012-10-10;58563.0;15.8;13.8
2012-10-17;62495.0;14.4;12.8
2012-10-25;61321.0;12.7;11.7
2012-10-26;61942.0;11.9;11.6
2012-11-04;57908.0;10.3;10.3
2012-11-05;70457.0;9.1;10.1
2012-11-19;72019.0;8.8;8.1
2012-11-29;80550.0;5.3;6.8
2012-12-02;72410.0;3.6;6.4
2012-12-03;80492.0;6.3;6.3
2012-12-05;83972.0;4.3;6.1
2012-12-13;86526.0;2.3;5.4
2012-12-14;80451.0;8.2;5.3
2012-12-29;62377.0;9.1;4.6
2013-01-05;67332.0;7.5;4.6
2013-01-09;81975.0;4.1;4.7
2013-01-18;92141.0;-1.5;4.9
2013-01-22;87230.0;3.1;5.1
2013-01-28;81536.0;6.5;5.4
2013-02-14;83189.0;3.6;6.3
2013-03-06;71648.0;10.6;7.6
2013-03-08;66700.0;11.3;7.8
2013-03-10;62052.0;8.3;7.9
2013-03-12;81594.0;2.9;8.1
2013-03-18;78569.0;5.4;8.6
2013-03-24;64570.0;7.3;9.2
2013-03-30;68601.0;5.8;9.9
2013-04-17;56383.0;17.3;12.1
2013-05-02;59742.0;12.4;14.1
2013-05-04;52797.0;12.9;14.3
2013-05-08;48755.0;15.7;14.8
2013-05-09;47349.0;14.2;15.0
2013-05-10;51673.0;12.6;15.1
2013-05-11;49176.0;12.8;15.2
2013-05-20;53650.0;11.2;16.2
2013-05-24;63154.0;7.9;16.7
2013-05-28;59492.0;11.8;17.1
2013-06-02;48628.0;14.4;17.6
2013-06-03;55476.0;13.9;17.7
2013-06-06;55003.0;19.5;18.0
2013-06-08;48098.0;17.8;18.2
2013-06-11;54830.0;17.0;18.5
2013-06-12;55633.0;19.2;18.6
2013-06-13;55613.0;17.1;18.7
2013-06-23;45759.0;16.0;19.6
2013-07-12;55639.0;20.4;20.9
2013-07-14;46353.0;22.3;21.0
2013-07-18;56564.0;22.6;21.1
2013-07-19;55976.0;23.1;21.2
2013-07-22;56871.0;25.9;21.2
2013-07-31;53052.0;22.8;21.2
2013-08-09;48461.0;19.6;20.8
2013-08-16;47510.0;21.2;20.4
2013-08-20;50085.0;19.2;20.0
2013-08-23;51588.0;22.0;19.8
2013-08-30;53892.0;19.1;19.0
2013-09-02;53166.0;18.1;18.7
2013-09-06;54962.0;19.3;18.2
2013-09-08;43994.0;16.3;17.9
2012-10-22;58734.0;16.4;12.1
2012-10-28;61427.0;4.9;11.3
2012-10-31;69364.0;7.7;10.9
2012-11-01;61456.0;9.0;10.7
2012-11-11;61163.0;8.2;9.2
2012-11-14;75287.0;7.0;8.8
2012-11-15;74505.0;6.9;8.7
2012-11-18;61125.0;9.3;8.2
2012-11-24;62516.0;10.6;7.4
2012-12-04;81887.0;6.3;6.2
2012-12-10;84825.0;4.5;5.6
2012-12-11;88136.0;1.8;5.5
2012-12-25;56950.0;10.3;4.7
2012-12-28;66133.0;9.2;4.7
2013-01-01;61731.0;7.3;4.6
2013-01-13;72673.0;3.6;4.8
2013-01-20;79945.0;1.4;5.0
2013-01-21;87635.0;2.5;5.1
2013-01-27;74236.0;5.3;5.3
2013-01-29;78514.0;9.1;5.4
2013-02-02;72965.0;5.5;5.6
2013-02-04;78525.0;8.0;5.8
2013-02-08;82612.0;2.6;6.0
2013-02-12;85889.0;2.7;6.2
2013-02-16;71439.0;4.5;6.4
2013-02-17;70911.0;3.5;6.5
2013-02-18;78308.0;4.0;6.5
2013-02-27;84703.0;2.6;7.1
2013-03-23;62495.0;9.2;9.1
2013-04-03;75218.0;6.4;10.3
2013-04-11;65885.0;12.1;11.4
2013-04-14;54064.0;16.5;11.7
2013-04-15;57055.0;15.4;11.9
2013-04-18;56264.0;14.3;12.3
2013-04-19;58376.0;10.3;12.4
2013-04-26;57501.0;13.0;13.3
2013-04-28;54959.0;7.8;13.6
2013-05-05;49544.0;14.1;14.5
2013-05-07;54397.0;15.9;14.7
2013-05-19;51233.0;11.3;16.1
2013-05-23;60771.0;10.4;16.6
2013-05-25;57629.0;9.6;16.8
2013-06-04;55380.0;14.5;17.8
2013-06-10;54445.0;15.4;18.4
2013-06-15;48005.0;17.5;18.9
2013-06-17;55099.0;20.8;19.1
2013-06-20;55940.0;17.9;19.3
2013-06-21;55048.0;16.8;19.4
2013-06-24;54346.0;14.6;19.7
2013-07-02;55292.0;19.3;20.3
2013-07-07;47081.0;23.3;20.6
2013-07-10;57049.0;22.3;20.8
2013-07-16;56474.0;23.1;21.1
2013-07-20;48794.0;24.0;21.2
2013-07-25;57091.0;24.2;21.2
2013-08-01;54575.0;25.7;21.2
2013-08-10;43891.0;19.3;20.8
2013-08-11;43275.0;19.8;20.7
2013-08-29;54033.0;18.6;19.1
2013-09-18;56533.0;16.4;16.6
2013-09-27;54299.0;19.5;15.5
2013-10-09;56815.0;15.0;13.9
2013-10-11;59810.0;9.2;13.6
2013-10-15;61575.0;13.6;13.1
2013-10-18;59206.0;13.4;12.7
2013-10-21;57791.0;16.6;12.3
2013-10-26;49843.0;17.5;11.6
2013-10-30;63640.0;9.6;11.0
2013-11-01;56328.0;10.7;10.7
2013-11-03;55488.0;11.2;10.4
2013-11-10;57021.0;9.7;9.4
2013-11-13;72282.0;8.6;8.9
2013-11-16;68341.0;5.2;8.5
2013-11-17;65708.0;5.9;8.4
2013-11-18;77419.0;6.3;8.2
2013-11-20;83462.0;3.8;7.9
2013-11-21;82708.0;3.9;7.8
2013-11-27;82905.0;3.3;7.0
2013-11-30;72618.0;5.8;6.7
2013-12-18;76393.0;8.4;5.0
2013-12-19;76692.0;8.2;5.0
2013-12-22;64723.0;9.0;4.8
2013-12-24;65593.0;10.9;4.8
2013-12-29;65638.0;5.8;4.6
2014-01-03;69244.0;9.9;4.6
2014-01-17;74898.0;7.7;4.9
2014-01-27;80985.0;5.6;5.3
2014-01-29;82223.0;4.6;5.4
2014-02-02;69703.0;5.1;5.6
2014-02-08;70094.0;7.1;6.0
2014-02-19;74050.0;8.8;6.6
2014-02-21;72297.0;7.5;6.7
2014-02-23;61750.0;8.4;6.8
2014-02-27;75809.0;6.5;7.1
2014-02-28;75246.0;6.2;7.2
2014-03-01;68143.0;5.8;7.2
2014-03-02;65611.0;6.0;7.3
2014-03-04;73716.0;6.8;7.5
2014-03-10;64157.0;11.0;7.9
2014-03-12;65262.0;10.3;8.1
2014-05-11;48550.0;13.0;15.2
2014-05-14;57587.0;12.4;15.5
2014-05-17;48605.0;15.6;15.9
2014-05-19;53782.0;17.6;16.1
2014-05-21;56190.0;16.3;16.3
2014-05-22;55219.0;15.6;16.5
2014-05-24;49286.0;13.2;16.7
2014-05-25;46607.0;14.2;16.8
2014-05-27;56683.0;13.6;17.0
2014-06-09;46444.0;22.3;18.3
2014-06-15;45043.0;17.3;18.9
2014-06-17;54391.0;16.9;19.1
2014-06-27;55179.0;19.4;19.9
2014-07-07;53701.0;16.9;20.6
2014-07-08;54577.0;16.5;20.7
2014-07-10;56072.0;16.1;20.8
2014-07-12;47959.0;18.1;20.9
2014-07-28;52502.0;19.3;21.2
2014-07-30;52878.0;20.0;21.2
2014-08-01;51860.0;21.2;21.2
2014-08-03;43084.0;19.6;21.1
2014-08-06;49403.0;19.9;21.0
2014-08-07;49623.0;21.0;20.9
2014-08-13;47850.0;17.0;20.6
2014-08-22;50303.0;16.2;19.8
2014-08-26;54061.0;18.7;19.4
2014-09-16;54802.0;19.8;16.9
2014-09-21;44927.0;18.0;16.3
2013-08-27;53194.0;18.2;19.3
2013-08-28;53626.0;18.7;19.2
2013-09-04;55871.0;22.1;18.4
2013-09-05;55824.0;22.6;18.3
2013-09-07;47634.0;16.9;18.0
2013-09-13;55327.0;16.6;17.3
2013-09-21;48266.0;15.9;16.3
2013-09-29;46035.0;17.2;15.2
2013-10-01;55379.0;16.9;15.0
2013-10-03;55409.0;18.8;14.7
2013-10-14;61856.0;13.0;13.2
2013-10-23;57807.0;16.9;12.0
2013-10-29;62570.0;11.3;11.1
2013-11-04;67749.0;10.8;10.3
2013-11-15;74772.0;6.6;8.7
2013-11-28;84904.0;2.3;6.9
2013-12-13;82007.0;3.7;5.4
2013-12-14;72860.0;5.9;5.3
2013-12-17;77812.0;7.2;5.1
2013-12-25;59099.0;8.4;4.7
2013-12-30;73006.0;4.9;4.6
2014-01-07;72012.0;10.8;4.6
2014-01-10;72973.0;6.9;4.7
2014-01-11;66059.0;7.4;4.7
2014-01-28;82028.0;4.8;5.4
2014-01-30;80500.0;4.8;5.5
2014-02-01;71680.0;6.3;5.6
2014-02-05;80189.0;7.4;5.8
2014-02-07;74145.0;9.1;5.9
2014-02-10;77015.0;6.6;6.1
2014-02-11;79066.0;5.9;6.1
2014-02-12;79413.0;6.6;6.2
2014-02-20;72594.0;9.5;6.7
2014-02-22;65702.0;7.1;6.8
2014-03-18;65628.0;10.5;8.6
2014-03-24;68546.0;6.5;9.2
2014-03-26;68976.0;7.1;9.4
2014-04-03;59925.0;14.0;10.3
2014-04-04;60464.0;12.7;10.5
2014-04-11;57880.0;13.1;11.4
2014-04-16;59803.0;11.2;12.0
2014-04-17;58955.0;12.5;12.1
2014-04-18;57674.0;11.9;12.3
2014-04-21;50908.0;11.8;12.7
2013-10-20;49336.0;16.0;12.4
2013-10-22;58119.0;18.1;12.1
2013-10-24;58265.0;14.9;11.9
2013-10-31;63204.0;9.5;10.9
2013-11-06;65736.0;14.4;10.0
2013-11-08;64023.0;12.3;9.7
2013-11-11;62401.0;7.5;9.2
2013-11-14;75216.0;7.3;8.8
2013-11-22;82483.0;3.6;7.7
2013-12-01;71192.0;4.6;6.5
2013-12-03;82472.0;3.2;6.3
2013-12-09;83667.0;2.9;5.7
2013-12-11;82999.0;3.1;5.5
2013-12-15;70376.0;6.3;5.2
2013-12-21;70166.0;6.0;4.9
2013-12-26;68900.0;6.1;4.7
2013-12-31;69061.0;6.4;4.6
2014-01-06;73416.0;10.2;4.6
2014-01-08;71298.0;10.5;4.6
2014-01-09;73353.0;9.9;4.7
2014-01-13;76205.0;7.7;4.8
2014-01-14;78418.0;5.7;4.8
2014-01-15;78999.0;6.2;4.8
2014-01-16;77589.0;8.2;4.9
2014-01-19;66472.0;6.7;5.0
2014-01-22;81574.0;4.3;5.1
2014-01-26;67402.0;7.8;5.3
2014-02-03;78735.0;4.8;5.7
2014-02-09;69004.0;6.4;6.0
2014-02-13;79517.0;7.2;6.3
2014-02-14;76155.0;8.3;6.3
2014-02-16;65110.0;7.3;6.4
2014-02-17;72631.0;7.0;6.5
2014-02-24;69547.0;9.3;6.9
2014-02-26;72767.0;6.8;7.0
2014-03-03;76181.0;6.3;7.4
2014-03-06;72247.0;8.0;7.6
2014-03-11;65879.0;10.1;8.0
2014-03-13;65204.0;10.3;8.2
2014-03-16;54471.0;11.3;8.4
2014-03-23;60842.0;6.5;9.1
2014-03-25;69212.0;6.9;9.3
2014-03-30;52718.0;13.4;9.9
2014-04-01;60073.0;13.7;10.1
2014-04-05;53042.0;13.0;10.6
2014-04-07;56194.0;15.6;10.8
2014-04-12;50726.0;13.0;11.5
2014-04-15;58620.0;11.2;11.9
2014-04-23;57770.0;13.8;12.9
2014-04-26;51980.0;11.9;13.3
2014-04-30;58440.0;12.6;13.8
2014-05-03;51472.0;11.2;14.2
2014-05-05;54990.0;14.5;14.5
2014-05-07;56552.0;14.5;14.7
2014-05-12;56850.0;11.5;15.3
2014-05-15;56556.0;12.8;15.7
2014-05-31;47305.0;16.0;17.4
2014-06-07;47839.0;21.7;18.1
2014-06-10;55600.0;20.6;18.4
2014-06-14;47559.0;19.5;18.8
2014-06-18;54387.0;17.4;19.1
2014-06-21;48100.0;20.1;19.4
2014-06-26;55227.0;19.3;19.8
2014-06-29;45234.0;16.5;20.1
2014-07-02;54865.0;19.9;20.3
2014-07-04;55283.0;21.1;20.4
2014-07-06;45386.0;19.1;20.6
2014-07-16;55695.0;22.8;21.1
2014-07-17;56902.0;24.7;21.1
2014-07-26;47023.0;21.1;21.2
2014-07-29;52752.0;18.0;21.2
2014-07-31;52420.0;20.7;21.2
2014-08-02;45551.0;20.0;21.1
2014-08-05;48994.0;20.4;21.0
2014-08-11;47605.0;18.6;20.7
2014-08-18;48533.0;17.2;20.2
2014-09-10;55184.0;18.7;17.7
2014-09-22;53210.0;15.4;16.1
2013-09-14;48975.0;16.2;17.2
2013-09-20;55068.0;16.2;16.4
2013-09-22;45555.0;17.4;16.1
2013-09-28;48276.0;18.9;15.3
2013-09-30;54125.0;16.7;15.1
2013-10-07;55122.0;15.1;14.2
2013-10-12;55156.0;8.9;13.5
2013-10-25;56862.0;17.2;11.7
2013-10-28;59739.0;15.1;11.3
2013-11-02;54588.0;14.2;10.6
2013-11-07;64595.0;14.4;9.8
2013-11-19;79552.0;6.0;8.1
2013-11-23;73547.0;5.0;7.5
2013-11-24;69341.0;6.0;7.4
2013-11-26;81173.0;4.5;7.1
2013-11-29;80538.0;5.1;6.8
2013-12-02;81601.0;5.1;6.4
2013-12-08;71159.0;4.2;5.8
2013-12-10;84211.0;2.7;5.6
2013-12-16;77902.0;7.0;5.2
2013-12-23;68570.0;9.5;4.8
2013-12-27;67502.0;8.3;4.7
2014-01-01;63488.0;8.2;4.6
2014-01-02;69236.0;9.6;4.6
2014-01-04;65433.0;9.0;4.6
2014-01-12;66000.0;6.6;4.7
2014-01-18;67722.0;7.1;4.9
2014-01-21;81156.0;4.4;5.1
2014-01-24;78202.0;6.2;5.2
2014-01-25;69681.0;6.2;5.2
2014-01-31;80442.0;4.6;5.5
2014-02-06;77844.0;8.1;5.9
2014-02-18;75039.0;7.5;6.5
2014-03-09;55484.0;11.8;7.8
2014-03-27;68176.0;6.8;9.5
2014-04-06;48954.0;14.8;10.7
2014-04-13;49355.0;12.9;11.6
2014-04-19;52948.0;9.8;12.4
2014-04-22;58492.0;12.9;12.8
2014-05-01;49081.0;12.8;14.0
2014-05-06;55602.0;15.2;14.6
2014-05-08;48934.0;14.3;14.8
2014-05-18;45847.0;16.9;16.0
2014-05-20;54768.0;16.4;16.2
2014-06-01;45707.0;15.7;17.5
2014-06-05;54610.0;15.3;17.9
2014-06-06;54461.0;20.1;18.0
2014-06-08;45163.0;22.3;18.2
2014-06-16;53374.0;17.6;19.0
2014-06-19;54350.0;18.6;19.2
2014-06-22;46192.0;21.4;19.5
2014-07-05;48159.0;20.1;20.5
2014-07-11;55470.0;17.4;20.8
2014-07-21;53759.0;19.4;21.2
2014-07-22;54796.0;20.2;21.2
2014-08-04;48668.0;19.4;21.1
2014-08-10;42624.0;20.9;20.8
2014-03-15;57683.0;10.0;8.3
2014-03-17;62914.0;10.4;8.5
2014-03-19;63396.0;11.3;8.7
2014-03-20;62476.0;12.1;8.8
2014-03-21;61477.0;11.5;8.9
2014-03-22;59757.0;8.9;9.0
2014-03-31;60430.0;13.1;10.0
2014-04-02;58950.0;14.6;10.2
2014-04-14;57092.0;12.6;11.7
2014-04-20;50658.0;10.7;12.5
2014-04-24;57228.0;14.2;13.1
2014-05-02;55128.0;12.4;14.1
2014-05-13;57985.0;11.1;15.4
2014-05-16;55735.0;13.7;15.8
2014-05-23;54872.0;13.8;16.6
2014-06-02;53708.0;16.3;17.6
2014-06-04;55909.0;14.7;17.8
2014-06-28;48170.0;18.2;20.0
2014-07-01;54538.0;18.9;20.2
2014-07-09;55114.0;15.7;20.7
2014-07-13;44912.0;18.3;20.9
2014-07-15;54767.0;20.2;21.0
2014-07-18;57101.0;25.1;21.1
2014-07-20;45398.0;20.1;21.2
2014-07-23;55366.0;22.5;21.2
2014-07-24;55938.0;23.2;21.2
2014-07-27;45448.0;21.9;21.2
2014-08-09;44222.0;19.9;20.8
2014-08-12;47658.0;18.2;20.7
2014-08-14;47447.0;16.8;20.5
2014-08-16;43054.0;17.1;20.4
2014-08-17;42260.0;17.0;20.3
2014-08-21;49757.0;15.8;19.9
2014-08-28;54307.0;19.9;19.2
2014-08-30;47160.0;18.4;19.0
2014-08-31;44561.0;18.0;18.9
2014-09-02;54286.0;18.5;18.7
2014-09-04;54610.0;18.7;18.4
2014-09-07;45219.0;20.6;18.0
2014-09-12;54019.0;17.4;17.4
2014-09-17;55388.0;20.9;16.8
2014-09-19;54932.0;20.3;16.5
2014-09-23;54363.0;14.1;16.0
2014-09-25;54828.0;14.3;15.7
